checkin_terminal,airline_grouped_hash,arrival_profile,value,season
B,7bac920cc30511dfb81ca2242b293990,180.0,0.008568712047274,S23
B,7bac920cc30511dfb81ca2242b293990,185.0,0.0081348015698035,S23
B,7bac920cc30511dfb81ca2242b293990,190.0,0.0075481433404254,S23
B,7bac920cc30511dfb81ca2242b293990,195.0,0.0071069041478433,S23
B,7bac920cc30511dfb81ca2242b293990,200.0,0.0065259861436019,S23
B,7bac920cc30511dfb81ca2242b293990,205.0,0.0059219989326791,S23
B,7bac920cc30511dfb81ca2242b293990,210.0,0.0054514448796505,S23
B,7bac920cc30511dfb81ca2242b293990,215.0,0.0050263433011319,S23
B,7bac920cc30511dfb81ca2242b293990,220.0,0.0048256520336173,S23
B,7bac920cc30511dfb81ca2242b293990,225.0,0.0045276296530932,S23
B,7bac920cc30511dfb81ca2242b293990,230.0,0.0042510879892756,S23
B,7bac920cc30511dfb81ca2242b293990,235.0,0.0033585010315437,S23
B,7bac920cc30511dfb81ca2242b293990,240.0,0.0033552157454592,S23
B,7bac920cc30511dfb81ca2242b293990,245.0,0.0029341575959677,S23
B,7bac920cc30511dfb81ca2242b293990,250.0,0.0029806570297793,S23
C,3e8d115eb4b32b9e9479f387dbe14ee1,145.0,0.0323106155651113,S23
C,3e8d115eb4b32b9e9479f387dbe14ee1,150.0,0.0339527053341978,S23
C,3e8d115eb4b32b9e9479f387dbe14ee1,155.0,0.0310206290457654,S23
C,3e8d115eb4b32b9e9479f387dbe14ee1,160.0,0.0302480588569016,S23
C,3e8d115eb4b32b9e9479f387dbe14ee1,165.0,0.0250867515556142,S23
C,3e8d115eb4b32b9e9479f387dbe14ee1,170.0,0.023128101605382,S23
C,3e8d115eb4b32b9e9479f387dbe14ee1,175.0,0.019851030680928,S23
C,3e8d115eb4b32b9e9479f387dbe14ee1,180.0,0.0203201991863813,S23
C,3e8d115eb4b32b9e9479f387dbe14ee1,185.0,0.0174298670976604,S23
C,3e8d115eb4b32b9e9479f387dbe14ee1,190.0,0.0174298670976604,S23
C,3e8d115eb4b32b9e9479f387dbe14ee1,195.0,0.0174298670976604,S23
C,3e8d115eb4b32b9e9479f387dbe14ee1,200.0,0.0174298670976604,S23
C,3e8d115eb4b32b9e9479f387dbe14ee1,205.0,0.0174298670976604,S23
C,928568b84963ceb76aaaa2cae9afdbfa,40.0,0.006455916847791,S23
C,928568b84963ceb76aaaa2cae9afdbfa,45.0,0.0101214429691478,S23
C,928568b84963ceb76aaaa2cae9afdbfa,50.0,0.013614811307897,S23
C,928568b84963ceb76aaaa2cae9afdbfa,55.0,0.016448241479983,S23
C,928568b84963ceb76aaaa2cae9afdbfa,60.0,0.02007790139663,S23
B,7f58de3a72e00a866a762143cd799b49,75.0,0.0507940442830674,S23
B,7f58de3a72e00a866a762143cd799b49,80.0,0.065625817720194,S23
B,7f58de3a72e00a866a762143cd799b49,85.0,0.0543383423378757,S23
B,7f58de3a72e00a866a762143cd799b49,90.0,0.0497611345642376,S23
B,7f58de3a72e00a866a762143cd799b49,95.0,0.0429722848043993,S23
B,7f58de3a72e00a866a762143cd799b49,100.0,0.0381763432079502,S23
B,7f58de3a72e00a866a762143cd799b49,105.0,0.0363746246082031,S23
B,7f58de3a72e00a866a762143cd799b49,110.0,0.0299600527229525,S23
B,7f58de3a72e00a866a762143cd799b49,115.0,0.0265056785730777,S23
B,7f58de3a72e00a866a762143cd799b49,120.0,0.0267122605168437,S23
B,7f58de3a72e00a866a762143cd799b49,125.0,0.0236046199823878,S23
B,7f58de3a72e00a866a762143cd799b49,130.0,0.0179499456000881,S23
B,7f58de3a72e00a866a762143cd799b49,135.0,0.0165597706373336,S23
B,7f58de3a72e00a866a762143cd799b49,175.0,0.0049741691557765,S23
B,7f58de3a72e00a866a762143cd799b49,180.0,0.005511282209568,S23
B,7f58de3a72e00a866a762143cd799b49,185.0,0.0041356895016676,S23
B,7f58de3a72e00a866a762143cd799b49,190.0,0.0051329537086319,S23
B,7f58de3a72e00a866a762143cd799b49,195.0,0.003161108802254,S23
B,7bac920cc30511dfb81ca2242b293990,255.0,0.0026039682934512,S23
B,7bac920cc30511dfb81ca2242b293990,260.0,0.0023091950969668,S23
B,7bac920cc30511dfb81ca2242b293990,265.0,0.0024626287877272,S23
B,7bac920cc30511dfb81ca2242b293990,270.0,0.0018979928057289,S23
B,7bac920cc30511dfb81ca2242b293990,275.0,0.0018429732893244,S23
B,7bac920cc30511dfb81ca2242b293990,280.0,0.0016947743950723,S23
B,7bac920cc30511dfb81ca2242b293990,285.0,0.0017461115028985,S23
B,7bac920cc30511dfb81ca2242b293990,290.0,0.0016328593880948,S23
B,7bac920cc30511dfb81ca2242b293990,295.0,0.0016784923728292,S23
B,7bac920cc30511dfb81ca2242b293990,300.0,0.0016104039161765,S23
B,7bac920cc30511dfb81ca2242b293990,305.0,0.0014376195293578,S23
B,7bac920cc30511dfb81ca2242b293990,310.0,0.0014136116695094,S23
B,7bac920cc30511dfb81ca2242b293990,315.0,0.001348230866223,S23
B,7bac920cc30511dfb81ca2242b293990,320.0,0.0013502525807366,S23
B,7bac920cc30511dfb81ca2242b293990,325.0,0.0013205766998413,S23
B,7bac920cc30511dfb81ca2242b293990,330.0,0.0014744075130954,S23
B,7bac920cc30511dfb81ca2242b293990,335.0,0.0015634712578262,S23
B,7bac920cc30511dfb81ca2242b293990,340.0,0.001411553852951,S23
B,7bac920cc30511dfb81ca2242b293990,345.0,0.0013865712378907,S23
B,7bac920cc30511dfb81ca2242b293990,350.0,0.0012709363881247,S23
B,7bac920cc30511dfb81ca2242b293990,355.0,0.0008162311328006,S23
B,7bac920cc30511dfb81ca2242b293990,360.0,0.000595792046734,S23
B,7f58de3a72e00a866a762143cd799b49,40.0,0.0406050987664222,S23
B,7f58de3a72e00a866a762143cd799b49,45.0,0.0467515191874119,S23
B,7f58de3a72e00a866a762143cd799b49,50.0,0.0603000541973805,S23
B,7f58de3a72e00a866a762143cd799b49,200.0,0.0050746246892156,S23
B,7f58de3a72e00a866a762143cd799b49,205.0,0.0041988792727019,S23
B,7f58de3a72e00a866a762143cd799b49,210.0,0.0036633864694497,S23
B,7f58de3a72e00a866a762143cd799b49,215.0,0.0030598431435452,S23
B,7f58de3a72e00a866a762143cd799b49,220.0,0.0035783233161343,S23
B,7f58de3a72e00a866a762143cd799b49,225.0,0.0053411559029372,S23
B,7f58de3a72e00a866a762143cd799b49,230.0,0.0037687027545069,S23
C,928568b84963ceb76aaaa2cae9afdbfa,80.0,0.0409520325378209,S23
C,928568b84963ceb76aaaa2cae9afdbfa,85.0,0.0428816343512162,S23
C,928568b84963ceb76aaaa2cae9afdbfa,90.0,0.0455572532225784,S23
C,928568b84963ceb76aaaa2cae9afdbfa,95.0,0.048010501624739,S23
C,928568b84963ceb76aaaa2cae9afdbfa,100.0,0.0486991327551701,S23
C,928568b84963ceb76aaaa2cae9afdbfa,105.0,0.0482328720939407,S23
C,928568b84963ceb76aaaa2cae9afdbfa,110.0,0.0478168241193053,S23
C,928568b84963ceb76aaaa2cae9afdbfa,115.0,0.0466906252914129,S23
C,928568b84963ceb76aaaa2cae9afdbfa,120.0,0.0456146391501144,S23
C,928568b84963ceb76aaaa2cae9afdbfa,125.0,0.0430681386157079,S23
C,928568b84963ceb76aaaa2cae9afdbfa,130.0,0.0402347084436219,S23
C,928568b84963ceb76aaaa2cae9afdbfa,135.0,0.0376451684635635,S23
C,928568b84963ceb76aaaa2cae9afdbfa,140.0,0.0368561119599446,S23
B,e2fca8135c2fadca093abd79a6b1c0d2,50.0,0.0691308850395682,S23
B,e2fca8135c2fadca093abd79a6b1c0d2,55.0,0.0674158441000556,S23
B,e2fca8135c2fadca093abd79a6b1c0d2,60.0,0.0669445936693786,S23
B,e2fca8135c2fadca093abd79a6b1c0d2,65.0,0.0645416489931371,S23
B,e2fca8135c2fadca093abd79a6b1c0d2,70.0,0.059679630313179,S23
B,e2fca8135c2fadca093abd79a6b1c0d2,75.0,0.0563900192029144,S23
B,e2fca8135c2fadca093abd79a6b1c0d2,80.0,0.0537180272949743,S23
B,e2fca8135c2fadca093abd79a6b1c0d2,85.0,0.0521288104170527,S23
B,e2fca8135c2fadca093abd79a6b1c0d2,90.0,0.0453684212078421,S23
B,e2fca8135c2fadca093abd79a6b1c0d2,95.0,0.0433915089401436,S23
B,e2fca8135c2fadca093abd79a6b1c0d2,100.0,0.0377693359880899,S23
B,e2fca8135c2fadca093abd79a6b1c0d2,105.0,0.0334964294965022,S23
B,e2fca8135c2fadca093abd79a6b1c0d2,110.0,0.0292014054940879,S23
B,e2fca8135c2fadca093abd79a6b1c0d2,115.0,0.0255172179906782,S23
B,7f58de3a72e00a866a762143cd799b49,55.0,0.0683996866435456,S23
B,e2fca8135c2fadca093abd79a6b1c0d2,120.0,0.0243707445294794,S23
B,e2fca8135c2fadca093abd79a6b1c0d2,125.0,0.0207515333578755,S23
B,e2fca8135c2fadca093abd79a6b1c0d2,130.0,0.0175450840883186,S23
B,e2fca8135c2fadca093abd79a6b1c0d2,135.0,0.0159982345311358,S23
B,e2fca8135c2fadca093abd79a6b1c0d2,140.0,0.0173533006944406,S23
B,e2fca8135c2fadca093abd79a6b1c0d2,145.0,0.013902772405407,S23
B,e2fca8135c2fadca093abd79a6b1c0d2,150.0,0.014359769329107,S23
B,e2fca8135c2fadca093abd79a6b1c0d2,155.0,0.0133702810447525,S23
B,e2fca8135c2fadca093abd79a6b1c0d2,160.0,0.0132484872851345,S23
B,e2fca8135c2fadca093abd79a6b1c0d2,165.0,0.0115550723562079,S23
B,e2fca8135c2fadca093abd79a6b1c0d2,170.0,0.0061330383021222,S23
B,7f58de3a72e00a866a762143cd799b49,60.0,0.0590613726600544,S23
B,7f58de3a72e00a866a762143cd799b49,235.0,0.0030622735193542,S23
B,7f58de3a72e00a866a762143cd799b49,240.0,0.0019767056579958,S23
B,edd716d0f00574fd83903feb705d290f,45.0,0.0218642930309773,S23
B,edd716d0f00574fd83903feb705d290f,50.0,0.0286814312458055,S23
B,edd716d0f00574fd83903feb705d290f,55.0,0.0448235668114867,S23
B,edd716d0f00574fd83903feb705d290f,60.0,0.0841369079156511,S23
B,edd716d0f00574fd83903feb705d290f,65.0,0.0698315142524107,S23
B,edd716d0f00574fd83903feb705d290f,70.0,0.0707498852036311,S23
B,edd716d0f00574fd83903feb705d290f,75.0,0.0513934513086786,S23
B,edd716d0f00574fd83903feb705d290f,80.0,0.0629437321182579,S23
B,edd716d0f00574fd83903feb705d290f,85.0,0.0407968634099819,S23
C,1b2d5bac041ba5c7062079117011b112,175.0,0.0223560777142358,S23
C,1b2d5bac041ba5c7062079117011b112,180.0,0.0228844516680912,S23
C,d38212a0c0e98f678feaaa5a8b9167f5,40.0,0.0094672386386742,S23
C,d38212a0c0e98f678feaaa5a8b9167f5,45.0,0.0127705815929706,S23
C,d38212a0c0e98f678feaaa5a8b9167f5,50.0,0.0180322722140022,S23
C,d38212a0c0e98f678feaaa5a8b9167f5,55.0,0.021263681738372,S23
C,d38212a0c0e98f678feaaa5a8b9167f5,60.0,0.0262000734040689,S23
C,d38212a0c0e98f678feaaa5a8b9167f5,65.0,0.0314325110969304,S23
C,d38212a0c0e98f678feaaa5a8b9167f5,70.0,0.0335220973102651,S23
C,d38212a0c0e98f678feaaa5a8b9167f5,75.0,0.0406721203929035,S23
C,d38212a0c0e98f678feaaa5a8b9167f5,80.0,0.0445218377105091,S23
C,d38212a0c0e98f678feaaa5a8b9167f5,85.0,0.0444102609680896,S23
C,d38212a0c0e98f678feaaa5a8b9167f5,90.0,0.0458326246558385,S23
C,d38212a0c0e98f678feaaa5a8b9167f5,95.0,0.048426863843125,S23
C,d38212a0c0e98f678feaaa5a8b9167f5,100.0,0.0491463579944576,S23
C,d38212a0c0e98f678feaaa5a8b9167f5,105.0,0.050529557925913,S23
C,d38212a0c0e98f678feaaa5a8b9167f5,110.0,0.0466784019397089,S23
B,edd716d0f00574fd83903feb705d290f,90.0,0.0335911836388682,S23
B,edd716d0f00574fd83903feb705d290f,95.0,0.037617887040373,S23
B,edd716d0f00574fd83903feb705d290f,100.0,0.0490622019709653,S23
B,edd716d0f00574fd83903feb705d290f,105.0,0.0468722404719013,S23
B,edd716d0f00574fd83903feb705d290f,110.0,0.0319663734944014,S23
B,edd716d0f00574fd83903feb705d290f,115.0,0.0397372046201123,S23
B,edd716d0f00574fd83903feb705d290f,120.0,0.0422097417964748,S23
B,edd716d0f00574fd83903feb705d290f,125.0,0.0372293454840874,S23
B,edd716d0f00574fd83903feb705d290f,130.0,0.0188266045000176,S23
B,edd716d0f00574fd83903feb705d290f,135.0,0.0234184592561195,S23
B,edd716d0f00574fd83903feb705d290f,140.0,0.0432694005863445,S23
B,edd716d0f00574fd83903feb705d290f,145.0,0.019744975451238,S23
B,edd716d0f00574fd83903feb705d290f,150.0,0.0244427960863268,S23
B,edd716d0f00574fd83903feb705d290f,155.0,0.0218642930309773,S23
B,edd716d0f00574fd83903feb705d290f,160.0,0.0206633464024584,S23
B,edd716d0f00574fd83903feb705d290f,165.0,0.0221115467486136,S23
B,edd716d0f00574fd83903feb705d290f,170.0,0.0098548267457878,S23
B,edd716d0f00574fd83903feb705d290f,175.0,0.0019073858217653,S23
B,edd716d0f00574fd83903feb705d290f,180.0,0.0003885415562855,S23
C,e3ea649cdf1edd0eb02c4d8c2a15168e,60.0,0.0335770490661433,S23
C,e3ea649cdf1edd0eb02c4d8c2a15168e,65.0,0.0402827484906901,S23
C,05184b2fec44bde3ebe5d5f386d7e1eb,200.0,0.014834914658616,S23
C,05184b2fec44bde3ebe5d5f386d7e1eb,205.0,0.014282920580007,S23
C,05184b2fec44bde3ebe5d5f386d7e1eb,210.0,0.0153751013772547,S23
C,3df6c1edff7b174300e1a38a6322cd6d,50.0,0.0180322722140022,S23
C,3df6c1edff7b174300e1a38a6322cd6d,60.0,0.0262000734040689,S23
C,3df6c1edff7b174300e1a38a6322cd6d,75.0,0.0406721203929035,S23
C,3df6c1edff7b174300e1a38a6322cd6d,80.0,0.0445218377105091,S23
C,3df6c1edff7b174300e1a38a6322cd6d,85.0,0.0444102609680896,S23
C,4bba3ab232fc6c57e7dbb1f5932b61d0,180.0,0.0214762849868217,S23
B,e2fca8135c2fadca093abd79a6b1c0d2,175.0,0.0020451325010923,S23
B,7bac920cc30511dfb81ca2242b293990,165.0,0.0123070426930508,S23
B,7bac920cc30511dfb81ca2242b293990,170.0,0.011327594215326,S23
B,7bac920cc30511dfb81ca2242b293990,175.0,0.0102348936227976,S23
B,7f58de3a72e00a866a762143cd799b49,65.0,0.0605114968927645,S23
B,7f58de3a72e00a866a762143cd799b49,70.0,0.0580227920643369,S23
B,7f58de3a72e00a866a762143cd799b49,140.0,0.013220434275752,S23
B,7f58de3a72e00a866a762143cd799b49,145.0,0.013785901713982,S23
B,7f58de3a72e00a866a762143cd799b49,150.0,0.0125958276928361,S23
B,7f58de3a72e00a866a762143cd799b49,155.0,0.0104651982336028,S23
B,7f58de3a72e00a866a762143cd799b49,160.0,0.0080332021740521,S23
B,7f58de3a72e00a866a762143cd799b49,165.0,0.0063189771034295,S23
B,7f58de3a72e00a866a762143cd799b49,170.0,0.0059544207320778,S23
C,e3ea649cdf1edd0eb02c4d8c2a15168e,70.0,0.0429606852174696,S23
C,e3ea649cdf1edd0eb02c4d8c2a15168e,75.0,0.0521238914485072,S23
C,e3ea649cdf1edd0eb02c4d8c2a15168e,80.0,0.0570575473688739,S23
C,e3ea649cdf1edd0eb02c4d8c2a15168e,85.0,0.0569145547254152,S23
C,e3ea649cdf1edd0eb02c4d8c2a15168e,90.0,0.0587374036387325,S23
C,e3ea649cdf1edd0eb02c4d8c2a15168e,95.0,0.0620620850294077,S23
C,e3ea649cdf1edd0eb02c4d8c2a15168e,100.0,0.0629841622331435,S23
C,e3ea649cdf1edd0eb02c4d8c2a15168e,105.0,0.0647568203188858,S23
C,e3ea649cdf1edd0eb02c4d8c2a15168e,110.0,0.0598213206538328,S23
C,e3ea649cdf1edd0eb02c4d8c2a15168e,115.0,0.0593480928509824,S23
C,e3ea649cdf1edd0eb02c4d8c2a15168e,120.0,0.0603019234354289,S23
C,e3ea649cdf1edd0eb02c4d8c2a15168e,125.0,0.0521152873066372,S23
C,e3ea649cdf1edd0eb02c4d8c2a15168e,130.0,0.0483776071062017,S23
C,e3ea649cdf1edd0eb02c4d8c2a15168e,135.0,0.0497544746659237,S23
C,e3ea649cdf1edd0eb02c4d8c2a15168e,140.0,0.0490722891319445,S23
C,e3ea649cdf1edd0eb02c4d8c2a15168e,145.0,0.0437639433191911,S23
C,e3ea649cdf1edd0eb02c4d8c2a15168e,150.0,0.0459881139925881,S23
C,3621a25ed04e97eaf99f9fbe17b1b5f8,45.0,0.0128926392857713,S23
C,3621a25ed04e97eaf99f9fbe17b1b5f8,50.0,0.0182046196929618,S23
C,3621a25ed04e97eaf99f9fbe17b1b5f8,55.0,0.0214669141373462,S23
C,3621a25ed04e97eaf99f9fbe17b1b5f8,60.0,0.0264504864716046,S23
C,3621a25ed04e97eaf99f9fbe17b1b5f8,65.0,0.0317329343592145,S23
C,3621a25ed04e97eaf99f9fbe17b1b5f8,70.0,0.033842492260624,S23
C,3621a25ed04e97eaf99f9fbe17b1b5f8,75.0,0.0410608532897048,S23
C,3621a25ed04e97eaf99f9fbe17b1b5f8,80.0,0.0449473651424927,S23
C,3621a25ed04e97eaf99f9fbe17b1b5f8,85.0,0.0448347219803765,S23
C,3621a25ed04e97eaf99f9fbe17b1b5f8,90.0,0.0462706802275262,S23
C,3621a25ed04e97eaf99f9fbe17b1b5f8,95.0,0.0488897144366736,S23
C,3621a25ed04e97eaf99f9fbe17b1b5f8,100.0,0.0496160853144462,S23
B,e2fca8135c2fadca093abd79a6b1c0d2,180.0,0.001207616091128,S23
B,7bac920cc30511dfb81ca2242b293990,40.0,0.0289855375930232,S23
B,7bac920cc30511dfb81ca2242b293990,45.0,0.0336842548368256,S23
B,7bac920cc30511dfb81ca2242b293990,50.0,0.0393667889057838,S23
B,7bac920cc30511dfb81ca2242b293990,55.0,0.0425436966515569,S23
B,7bac920cc30511dfb81ca2242b293990,60.0,0.0459494552598549,S23
B,7bac920cc30511dfb81ca2242b293990,65.0,0.0488793889165711,S23
B,7bac920cc30511dfb81ca2242b293990,70.0,0.0488223115836082,S23
B,7bac920cc30511dfb81ca2242b293990,75.0,0.0498969972557391,S23
B,7bac920cc30511dfb81ca2242b293990,80.0,0.0481323654038147,S23
B,7bac920cc30511dfb81ca2242b293990,85.0,0.0485704276164469,S23
B,7bac920cc30511dfb81ca2242b293990,90.0,0.0462350224348937,S23
B,7bac920cc30511dfb81ca2242b293990,95.0,0.0442081092268812,S23
B,7bac920cc30511dfb81ca2242b293990,100.0,0.0394301479945566,S23
B,7bac920cc30511dfb81ca2242b293990,105.0,0.0385688254076949,S23
B,7bac920cc30511dfb81ca2242b293990,110.0,0.0358117844439321,S23
B,7bac920cc30511dfb81ca2242b293990,115.0,0.0319319337822069,S23
B,7bac920cc30511dfb81ca2242b293990,120.0,0.0291610296332082,S23
B,7bac920cc30511dfb81ca2242b293990,125.0,0.0254498838272297,S23
B,7bac920cc30511dfb81ca2242b293990,130.0,0.0235418907550677,S23
B,7bac920cc30511dfb81ca2242b293990,135.0,0.0217447309607021,S23
B,7bac920cc30511dfb81ca2242b293990,140.0,0.0199031656511281,S23
B,7bac920cc30511dfb81ca2242b293990,145.0,0.0170780001286676,S23
B,7bac920cc30511dfb81ca2242b293990,150.0,0.0152028599173508,S23
B,7bac920cc30511dfb81ca2242b293990,155.0,0.0143135221436585,S23
B,7bac920cc30511dfb81ca2242b293990,160.0,0.0133324490739139,S23
B,c4d62b6dcca08e5caf06c01889282859,170.0,0.0090170825672816,S23
B,c4d62b6dcca08e5caf06c01889282859,175.0,0.0061068561239479,S23
B,c4d62b6dcca08e5caf06c01889282859,180.0,0.00703073753453,S23
B,c4d62b6dcca08e5caf06c01889282859,185.0,0.0070030210922126,S23
B,c4d62b6dcca08e5caf06c01889282859,190.0,0.0061160949380537,S23
B,c4d62b6dcca08e5caf06c01889282859,195.0,0.0038525854821275,S23
B,c4d62b6dcca08e5caf06c01889282859,200.0,0.0053307957390589,S23
B,c4d62b6dcca08e5caf06c01889282859,205.0,0.0040373617642439,S23
B,c4d62b6dcca08e5caf06c01889282859,210.0,0.0042590933027836,S23
B,c4d62b6dcca08e5caf06c01889282859,215.0,0.0049797208030377,S23
B,c4d62b6dcca08e5caf06c01889282859,220.0,0.0071416033037999,S23
B,c4d62b6dcca08e5caf06c01889282859,225.0,0.0076220216373026,S23
B,c4d62b6dcca08e5caf06c01889282859,230.0,0.0047949445209212,S23
B,c4d62b6dcca08e5caf06c01889282859,235.0,0.0027716442317464,S23
B,c4d62b6dcca08e5caf06c01889282859,240.0,0.0004527018911852,S23
B,e2fca8135c2fadca093abd79a6b1c0d2,40.0,0.0589108256368491,S23
B,e2fca8135c2fadca093abd79a6b1c0d2,45.0,0.0645543296993443,S23
C,3621a25ed04e97eaf99f9fbe17b1b5f8,105.0,0.0510125054889334,S23
C,3621a25ed04e97eaf99f9fbe17b1b5f8,110.0,0.0471245412171497,S23
C,3621a25ed04e97eaf99f9fbe17b1b5f8,115.0,0.0467517536749024,S23
C,3621a25ed04e97eaf99f9fbe17b1b5f8,120.0,0.04750313843538,S23
C,3621a25ed04e97eaf99f9fbe17b1b5f8,125.0,0.0410540753343912,S23
C,3621a25ed04e97eaf99f9fbe17b1b5f8,130.0,0.0381096992701917,S23
B,655610c16fda311d29ed2360a1ffcbd1,175.0,0.0013986817352844,S23
B,655610c16fda311d29ed2360a1ffcbd1,180.0,0.0006123181641943,S23
B,c4d62b6dcca08e5caf06c01889282859,40.0,0.0236606029250085,S23
B,c4d62b6dcca08e5caf06c01889282859,45.0,0.0307929674147026,S23
B,c4d62b6dcca08e5caf06c01889282859,50.0,0.048873326619795,S23
B,c4d62b6dcca08e5caf06c01889282859,55.0,0.0466744888626095,S23
B,c4d62b6dcca08e5caf06c01889282859,60.0,0.059839798963405,S23
B,c4d62b6dcca08e5caf06c01889282859,65.0,0.0566062140263675,S23
B,c4d62b6dcca08e5caf06c01889282859,70.0,0.0607636803739871,S23
B,c4d62b6dcca08e5caf06c01889282859,75.0,0.0607452027457755,S23
B,c4d62b6dcca08e5caf06c01889282859,80.0,0.0593593806299023,S23
B,c4d62b6dcca08e5caf06c01889282859,85.0,0.0510259703064514,S23
B,c4d62b6dcca08e5caf06c01889282859,90.0,0.0579273644435,S23
B,c4d62b6dcca08e5caf06c01889282859,95.0,0.0511922689603562,S23
B,c4d62b6dcca08e5caf06c01889282859,100.0,0.0454180101442178,S23
B,c4d62b6dcca08e5caf06c01889282859,105.0,0.034340672031338,S23
B,c4d62b6dcca08e5caf06c01889282859,110.0,0.0344238213582904,S23
B,c4d62b6dcca08e5caf06c01889282859,115.0,0.0282430547214959,S23
B,c4d62b6dcca08e5caf06c01889282859,120.0,0.027356128567337,S23
B,c4d62b6dcca08e5caf06c01889282859,125.0,0.0303956984081523,S23
B,c4d62b6dcca08e5caf06c01889282859,130.0,0.0197803010005635,S23
B,c4d62b6dcca08e5caf06c01889282859,135.0,0.0175445079869547,S23
B,c4d62b6dcca08e5caf06c01889282859,140.0,0.0188471807758756,S23
B,c4d62b6dcca08e5caf06c01889282859,145.0,0.0148282966398433,S23
B,c4d62b6dcca08e5caf06c01889282859,150.0,0.0141076691395892,S23
B,c4d62b6dcca08e5caf06c01889282859,155.0,0.0088138286569535,S23
B,c4d62b6dcca08e5caf06c01889282859,160.0,0.0086198135607313,S23
B,c4d62b6dcca08e5caf06c01889282859,165.0,0.0093034858045621,S23
C,3621a25ed04e97eaf99f9fbe17b1b5f8,135.0,0.0391943335002539,S23
C,3621a25ed04e97eaf99f9fbe17b1b5f8,140.0,0.0386569384718196,S23
C,3621a25ed04e97eaf99f9fbe17b1b5f8,145.0,0.0344752628031137,S23
C,3621a25ed04e97eaf99f9fbe17b1b5f8,150.0,0.0362273642516758,S23
C,3621a25ed04e97eaf99f9fbe17b1b5f8,155.0,0.0330988537347905,S23
C,3621a25ed04e97eaf99f9fbe17b1b5f8,160.0,0.0322745252647477,S23
C,3621a25ed04e97eaf99f9fbe17b1b5f8,165.0,0.026767436572459,S23
C,3621a25ed04e97eaf99f9fbe17b1b5f8,170.0,0.0246775670174366,S23
C,3621a25ed04e97eaf99f9fbe17b1b5f8,175.0,0.0211809489750682,S23
C,3621a25ed04e97eaf99f9fbe17b1b5f8,180.0,0.0216815493889431,S23
C,fa2649300e79b95a974c00e60a4a5b61,45.0,0.0128926392857713,S23
C,fa2649300e79b95a974c00e60a4a5b61,50.0,0.0182046196929618,S23
C,fa2649300e79b95a974c00e60a4a5b61,55.0,0.0214669141373462,S23
C,fa2649300e79b95a974c00e60a4a5b61,60.0,0.0264504864716046,S23
C,fa2649300e79b95a974c00e60a4a5b61,65.0,0.0317329343592145,S23
C,fa2649300e79b95a974c00e60a4a5b61,70.0,0.033842492260624,S23
C,fa2649300e79b95a974c00e60a4a5b61,75.0,0.0410608532897048,S23
C,fa2649300e79b95a974c00e60a4a5b61,80.0,0.0449473651424927,S23
C,fa2649300e79b95a974c00e60a4a5b61,85.0,0.0448347219803765,S23
C,fa2649300e79b95a974c00e60a4a5b61,90.0,0.0462706802275262,S23
C,fa2649300e79b95a974c00e60a4a5b61,95.0,0.0488897144366736,S23
C,fa2649300e79b95a974c00e60a4a5b61,100.0,0.0496160853144462,S23
C,fa2649300e79b95a974c00e60a4a5b61,105.0,0.0510125054889334,S23
C,fa2649300e79b95a974c00e60a4a5b61,110.0,0.0471245412171497,S23
C,fa2649300e79b95a974c00e60a4a5b61,115.0,0.0467517536749024,S23
C,fa2649300e79b95a974c00e60a4a5b61,120.0,0.04750313843538,S23
C,fa2649300e79b95a974c00e60a4a5b61,125.0,0.0410540753343912,S23
C,fa2649300e79b95a974c00e60a4a5b61,130.0,0.0381096992701917,S23
C,fa2649300e79b95a974c00e60a4a5b61,135.0,0.0391943335002539,S23
C,fa2649300e79b95a974c00e60a4a5b61,140.0,0.0386569384718196,S23
C,fa2649300e79b95a974c00e60a4a5b61,145.0,0.0344752628031137,S23
C,fa2649300e79b95a974c00e60a4a5b61,150.0,0.0362273642516758,S23
C,fa2649300e79b95a974c00e60a4a5b61,155.0,0.0330988537347905,S23
C,fa2649300e79b95a974c00e60a4a5b61,160.0,0.0322745252647477,S23
C,fa2649300e79b95a974c00e60a4a5b61,165.0,0.026767436572459,S23
C,fa2649300e79b95a974c00e60a4a5b61,170.0,0.0246775670174366,S23
C,fa2649300e79b95a974c00e60a4a5b61,175.0,0.0211809489750682,S23
C,fa2649300e79b95a974c00e60a4a5b61,180.0,0.0216815493889431,S23
C,655610c16fda311d29ed2360a1ffcbd1,40.0,0.0094672386386742,S23
C,655610c16fda311d29ed2360a1ffcbd1,45.0,0.0127705815929706,S23
C,655610c16fda311d29ed2360a1ffcbd1,50.0,0.0180322722140022,S23
C,655610c16fda311d29ed2360a1ffcbd1,55.0,0.021263681738372,S23
C,655610c16fda311d29ed2360a1ffcbd1,60.0,0.0262000734040689,S23
C,655610c16fda311d29ed2360a1ffcbd1,65.0,0.0314325110969304,S23
C,655610c16fda311d29ed2360a1ffcbd1,70.0,0.0335220973102651,S23
C,655610c16fda311d29ed2360a1ffcbd1,75.0,0.0406721203929035,S23
C,655610c16fda311d29ed2360a1ffcbd1,80.0,0.0445218377105091,S23
C,655610c16fda311d29ed2360a1ffcbd1,85.0,0.0444102609680896,S23
C,655610c16fda311d29ed2360a1ffcbd1,90.0,0.0458326246558385,S23
C,655610c16fda311d29ed2360a1ffcbd1,95.0,0.048426863843125,S23
C,655610c16fda311d29ed2360a1ffcbd1,100.0,0.0491463579944576,S23
C,655610c16fda311d29ed2360a1ffcbd1,105.0,0.050529557925913,S23
C,655610c16fda311d29ed2360a1ffcbd1,110.0,0.0466784019397089,S23
C,655610c16fda311d29ed2360a1ffcbd1,115.0,0.0463091436660856,S23
C,655610c16fda311d29ed2360a1ffcbd1,120.0,0.0470534148877263,S23
C,655610c16fda311d29ed2360a1ffcbd1,125.0,0.0406654066061104,S23
C,655610c16fda311d29ed2360a1ffcbd1,130.0,0.0377489056527527,S23
C,655610c16fda311d29ed2360a1ffcbd1,135.0,0.0388232713917232,S23
C,655610c16fda311d29ed2360a1ffcbd1,140.0,0.0382909640102663,S23
C,655610c16fda311d29ed2360a1ffcbd1,145.0,0.0341488772630257,S23
C,655610c16fda311d29ed2360a1ffcbd1,150.0,0.035884391149055,S23
C,655610c16fda311d29ed2360a1ffcbd1,155.0,0.0327854989878167,S23
C,655610c16fda311d29ed2360a1ffcbd1,160.0,0.0319689746321164,S23
C,655610c16fda311d29ed2360a1ffcbd1,165.0,0.0265140228626819,S23
C,655610c16fda311d29ed2360a1ffcbd1,170.0,0.0244439386014606,S23
C,655610c16fda311d29ed2360a1ffcbd1,175.0,0.0209804238765277,S23
C,655610c16fda311d29ed2360a1ffcbd1,180.0,0.0214762849868217,S23
C,4e36d5be1057ca04d9d2099c759c5347,40.0,0.0094672386386742,S23
C,4e36d5be1057ca04d9d2099c759c5347,45.0,0.0127705815929706,S23
C,4e36d5be1057ca04d9d2099c759c5347,50.0,0.0180322722140022,S23
C,4e36d5be1057ca04d9d2099c759c5347,55.0,0.021263681738372,S23
C,4e36d5be1057ca04d9d2099c759c5347,60.0,0.0262000734040689,S23
C,4e36d5be1057ca04d9d2099c759c5347,65.0,0.0314325110969304,S23
C,4e36d5be1057ca04d9d2099c759c5347,70.0,0.0335220973102651,S23
C,4e36d5be1057ca04d9d2099c759c5347,75.0,0.0406721203929035,S23
C,4e36d5be1057ca04d9d2099c759c5347,80.0,0.0445218377105091,S23
C,4e36d5be1057ca04d9d2099c759c5347,85.0,0.0444102609680896,S23
C,4e36d5be1057ca04d9d2099c759c5347,90.0,0.0458326246558385,S23
C,4e36d5be1057ca04d9d2099c759c5347,95.0,0.048426863843125,S23
C,4e36d5be1057ca04d9d2099c759c5347,100.0,0.0491463579944576,S23
C,4e36d5be1057ca04d9d2099c759c5347,105.0,0.050529557925913,S23
C,4e36d5be1057ca04d9d2099c759c5347,110.0,0.0466784019397089,S23
C,4e36d5be1057ca04d9d2099c759c5347,115.0,0.0463091436660856,S23
C,4e36d5be1057ca04d9d2099c759c5347,120.0,0.0470534148877263,S23
C,4e36d5be1057ca04d9d2099c759c5347,125.0,0.0406654066061104,S23
C,4e36d5be1057ca04d9d2099c759c5347,130.0,0.0377489056527527,S23
C,4e36d5be1057ca04d9d2099c759c5347,135.0,0.0388232713917232,S23
C,4e36d5be1057ca04d9d2099c759c5347,140.0,0.0382909640102663,S23
C,4e36d5be1057ca04d9d2099c759c5347,145.0,0.0341488772630257,S23
C,4e36d5be1057ca04d9d2099c759c5347,150.0,0.035884391149055,S23
C,4e36d5be1057ca04d9d2099c759c5347,155.0,0.0327854989878167,S23
C,4e36d5be1057ca04d9d2099c759c5347,160.0,0.0319689746321164,S23
C,4e36d5be1057ca04d9d2099c759c5347,165.0,0.0265140228626819,S23
C,4e36d5be1057ca04d9d2099c759c5347,170.0,0.0244439386014606,S23
C,4e36d5be1057ca04d9d2099c759c5347,175.0,0.0209804238765277,S23
C,4e36d5be1057ca04d9d2099c759c5347,180.0,0.0214762849868217,S23
C,0539f4139fdf8b3b7ca00bb4f460261f,60.0,0.0241906239230396,S23
C,0539f4139fdf8b3b7ca00bb4f460261f,65.0,0.0290217528468651,S23
C,0539f4139fdf8b3b7ca00bb4f460261f,70.0,0.0309510754660032,S23
C,0539f4139fdf8b3b7ca00bb4f460261f,75.0,0.0375527180173671,S23
C,0539f4139fdf8b3b7ca00bb4f460261f,80.0,0.0411071761444099,S23
C,0539f4139fdf8b3b7ca00bb4f460261f,85.0,0.0410041569286695,S23
C,0539f4139fdf8b3b7ca00bb4f460261f,90.0,0.04231743054136,S23
C,0539f4139fdf8b3b7ca00bb4f460261f,95.0,0.0447127011033239,S23
C,0539f4139fdf8b3b7ca00bb4f460261f,115.0,0.0427574022922513,S23
C,0539f4139fdf8b3b7ca00bb4f460261f,120.0,0.0434445906425196,S23
C,0539f4139fdf8b3b7ca00bb4f460261f,125.0,0.0375465191533827,S23
C,0539f4139fdf8b3b7ca00bb4f460261f,130.0,0.0348537031201686,S23
C,0539f4139fdf8b3b7ca00bb4f460261f,135.0,0.0358456689496689,S23
C,0539f4139fdf8b3b7ca00bb4f460261f,140.0,0.0353541875909074,S23
C,0539f4139fdf8b3b7ca00bb4f460261f,145.0,0.0315297836965449,S23
C,0539f4139fdf8b3b7ca00bb4f460261f,150.0,0.0331321900365068,S23
C,0539f4139fdf8b3b7ca00bb4f460261f,155.0,0.0302709715317171,S23
C,0539f4139fdf8b3b7ca00bb4f460261f,160.0,0.0295170715976169,S23
C,0539f4139fdf8b3b7ca00bb4f460261f,165.0,0.0244804946103091,S23
C,0539f4139fdf8b3b7ca00bb4f460261f,170.0,0.0225691782151256,S23
C,0539f4139fdf8b3b7ca00bb4f460261f,175.0,0.0193713023591843,S23
C,0539f4139fdf8b3b7ca00bb4f460261f,180.0,0.0198291327420305,S23
C,0539f4139fdf8b3b7ca00bb4f460261f,185.0,0.0193631847992047,S23
C,0539f4139fdf8b3b7ca00bb4f460261f,190.0,0.0169100581733866,S23
C,0539f4139fdf8b3b7ca00bb4f460261f,195.0,0.0162566683910331,S23
C,0539f4139fdf8b3b7ca00bb4f460261f,200.0,0.014834914658616,S23
C,0539f4139fdf8b3b7ca00bb4f460261f,205.0,0.014282920580007,S23
C,0539f4139fdf8b3b7ca00bb4f460261f,210.0,0.0153751013772547,S23
C,0539f4139fdf8b3b7ca00bb4f460261f,215.0,0.0121280773854372,S23
C,0539f4139fdf8b3b7ca00bb4f460261f,220.0,0.0097791507113565,S23
C,0539f4139fdf8b3b7ca00bb4f460261f,225.0,0.0086311801382494,S23
C,0539f4139fdf8b3b7ca00bb4f460261f,230.0,0.0051410721230444,S23
C,0539f4139fdf8b3b7ca00bb4f460261f,235.0,0.0006772996862932,S23
C,0539f4139fdf8b3b7ca00bb4f460261f,240.0,0.0001310616956697,S23
C,d0b1bfd50dd40176f497a2915a6e579b,40.0,0.0094672386386742,S23
C,d0b1bfd50dd40176f497a2915a6e579b,45.0,0.0127705815929706,S23
C,d0b1bfd50dd40176f497a2915a6e579b,50.0,0.0180322722140022,S23
C,d0b1bfd50dd40176f497a2915a6e579b,55.0,0.021263681738372,S23
C,d0b1bfd50dd40176f497a2915a6e579b,60.0,0.0262000734040689,S23
C,d0b1bfd50dd40176f497a2915a6e579b,65.0,0.0314325110969304,S23
C,d0b1bfd50dd40176f497a2915a6e579b,70.0,0.0335220973102651,S23
C,d0b1bfd50dd40176f497a2915a6e579b,75.0,0.0406721203929035,S23
C,d0b1bfd50dd40176f497a2915a6e579b,80.0,0.0445218377105091,S23
C,d0b1bfd50dd40176f497a2915a6e579b,85.0,0.0444102609680896,S23
C,d0b1bfd50dd40176f497a2915a6e579b,90.0,0.0458326246558385,S23
C,d0b1bfd50dd40176f497a2915a6e579b,95.0,0.048426863843125,S23
C,d0b1bfd50dd40176f497a2915a6e579b,100.0,0.0491463579944576,S23
C,d0b1bfd50dd40176f497a2915a6e579b,105.0,0.050529557925913,S23
C,d0b1bfd50dd40176f497a2915a6e579b,110.0,0.0466784019397089,S23
C,d0b1bfd50dd40176f497a2915a6e579b,115.0,0.0463091436660856,S23
C,d0b1bfd50dd40176f497a2915a6e579b,120.0,0.0470534148877263,S23
C,d0b1bfd50dd40176f497a2915a6e579b,125.0,0.0406654066061104,S23
C,d0b1bfd50dd40176f497a2915a6e579b,130.0,0.0377489056527527,S23
C,d0b1bfd50dd40176f497a2915a6e579b,135.0,0.0388232713917232,S23
C,d0b1bfd50dd40176f497a2915a6e579b,140.0,0.0382909640102663,S23
C,d0b1bfd50dd40176f497a2915a6e579b,145.0,0.0341488772630257,S23
C,d0b1bfd50dd40176f497a2915a6e579b,150.0,0.035884391149055,S23
C,d0b1bfd50dd40176f497a2915a6e579b,155.0,0.0327854989878167,S23
C,d0b1bfd50dd40176f497a2915a6e579b,160.0,0.0319689746321164,S23
C,d0b1bfd50dd40176f497a2915a6e579b,165.0,0.0265140228626819,S23
C,d0b1bfd50dd40176f497a2915a6e579b,170.0,0.0244439386014606,S23
C,d0b1bfd50dd40176f497a2915a6e579b,175.0,0.0209804238765277,S23
C,d0b1bfd50dd40176f497a2915a6e579b,180.0,0.0214762849868217,S23
C,7797a4977c3a265c0b62d06f3b3111e0,40.0,0.0094672386386742,S23
C,7797a4977c3a265c0b62d06f3b3111e0,45.0,0.0127705815929706,S23
C,7797a4977c3a265c0b62d06f3b3111e0,50.0,0.0180322722140022,S23
C,7797a4977c3a265c0b62d06f3b3111e0,55.0,0.021263681738372,S23
C,7797a4977c3a265c0b62d06f3b3111e0,60.0,0.0262000734040689,S23
C,7797a4977c3a265c0b62d06f3b3111e0,65.0,0.0314325110969304,S23
C,7797a4977c3a265c0b62d06f3b3111e0,70.0,0.0335220973102651,S23
C,7797a4977c3a265c0b62d06f3b3111e0,75.0,0.0406721203929035,S23
C,7797a4977c3a265c0b62d06f3b3111e0,80.0,0.0445218377105091,S23
C,7797a4977c3a265c0b62d06f3b3111e0,85.0,0.0444102609680896,S23
C,7797a4977c3a265c0b62d06f3b3111e0,90.0,0.0458326246558385,S23
C,7797a4977c3a265c0b62d06f3b3111e0,95.0,0.048426863843125,S23
C,7797a4977c3a265c0b62d06f3b3111e0,100.0,0.0491463579944576,S23
C,7797a4977c3a265c0b62d06f3b3111e0,105.0,0.050529557925913,S23
C,7797a4977c3a265c0b62d06f3b3111e0,110.0,0.0466784019397089,S23
C,0539f4139fdf8b3b7ca00bb4f460261f,100.0,0.0453770126936499,S23
C,0539f4139fdf8b3b7ca00bb4f460261f,105.0,0.0466541262664316,S23
C,0539f4139fdf8b3b7ca00bb4f460261f,110.0,0.0430983398113921,S23
C,7797a4977c3a265c0b62d06f3b3111e0,115.0,0.0463091436660856,S23
C,7797a4977c3a265c0b62d06f3b3111e0,120.0,0.0470534148877263,S23
C,7797a4977c3a265c0b62d06f3b3111e0,125.0,0.0406654066061104,S23
C,7797a4977c3a265c0b62d06f3b3111e0,130.0,0.0377489056527527,S23
C,7797a4977c3a265c0b62d06f3b3111e0,135.0,0.0388232713917232,S23
C,7797a4977c3a265c0b62d06f3b3111e0,140.0,0.0382909640102663,S23
C,7797a4977c3a265c0b62d06f3b3111e0,145.0,0.0341488772630257,S23
C,7797a4977c3a265c0b62d06f3b3111e0,150.0,0.035884391149055,S23
C,7797a4977c3a265c0b62d06f3b3111e0,155.0,0.0327854989878167,S23
C,7797a4977c3a265c0b62d06f3b3111e0,160.0,0.0319689746321164,S23
C,7797a4977c3a265c0b62d06f3b3111e0,165.0,0.0265140228626819,S23
C,7797a4977c3a265c0b62d06f3b3111e0,170.0,0.0244439386014606,S23
C,7797a4977c3a265c0b62d06f3b3111e0,175.0,0.0209804238765277,S23
C,7797a4977c3a265c0b62d06f3b3111e0,180.0,0.0214762849868217,S23
C,e99c19dec2b574bc5d4990504f6cf550,40.0,0.0094672386386742,S23
C,e99c19dec2b574bc5d4990504f6cf550,45.0,0.0127705815929706,S23
C,e99c19dec2b574bc5d4990504f6cf550,50.0,0.0180322722140022,S23
C,e99c19dec2b574bc5d4990504f6cf550,55.0,0.021263681738372,S23
C,e99c19dec2b574bc5d4990504f6cf550,60.0,0.0262000734040689,S23
C,e99c19dec2b574bc5d4990504f6cf550,65.0,0.0314325110969304,S23
C,e99c19dec2b574bc5d4990504f6cf550,70.0,0.0335220973102651,S23
C,e99c19dec2b574bc5d4990504f6cf550,75.0,0.0406721203929035,S23
C,e99c19dec2b574bc5d4990504f6cf550,80.0,0.0445218377105091,S23
C,e99c19dec2b574bc5d4990504f6cf550,165.0,0.0265140228626819,S23
C,e99c19dec2b574bc5d4990504f6cf550,170.0,0.0244439386014606,S23
C,e99c19dec2b574bc5d4990504f6cf550,175.0,0.0209804238765277,S23
C,e99c19dec2b574bc5d4990504f6cf550,180.0,0.0214762849868217,S23
C,fa868488740aa25870ced6b9169951fb,40.0,0.0094672386386742,S23
C,fa868488740aa25870ced6b9169951fb,45.0,0.0127705815929706,S23
C,fa868488740aa25870ced6b9169951fb,50.0,0.0180322722140022,S23
C,fa868488740aa25870ced6b9169951fb,55.0,0.021263681738372,S23
C,fa868488740aa25870ced6b9169951fb,60.0,0.0262000734040689,S23
C,fa868488740aa25870ced6b9169951fb,65.0,0.0314325110969304,S23
C,fa868488740aa25870ced6b9169951fb,70.0,0.0335220973102651,S23
C,fa868488740aa25870ced6b9169951fb,75.0,0.0406721203929035,S23
C,fa868488740aa25870ced6b9169951fb,80.0,0.0445218377105091,S23
C,fa868488740aa25870ced6b9169951fb,85.0,0.0444102609680896,S23
C,fa868488740aa25870ced6b9169951fb,90.0,0.0458326246558385,S23
C,bbd97b00c539801e32317ab550867ec4,60.0,0.0425140185606832,S23
C,bbd97b00c539801e32317ab550867ec4,65.0,0.0510045273375551,S23
C,bbd97b00c539801e32317ab550867ec4,70.0,0.0543952318477212,S23
C,bbd97b00c539801e32317ab550867ec4,75.0,0.0659973449165111,S23
C,bbd97b00c539801e32317ab550867ec4,80.0,0.0722441577009612,S23
C,bbd97b00c539801e32317ab550867ec4,85.0,0.0720631057006479,S23
C,bbd97b00c539801e32317ab550867ec4,90.0,0.074371129624413,S23
C,bbd97b00c539801e32317ab550867ec4,95.0,0.0785807183251081,S23
C,bbd97b00c539801e32317ab550867ec4,100.0,0.0797482184016272,S23
C,bbd97b00c539801e32317ab550867ec4,105.0,0.0819926925545088,S23
C,bbd97b00c539801e32317ab550867ec4,110.0,0.0757435452886793,S23
C,bbd97b00c539801e32317ab550867ec4,115.0,0.0751443617346337,S23
C,bbd97b00c539801e32317ab550867ec4,120.0,0.0763520667682425,S23
C,3e8d115eb4b32b9e9479f387dbe14ee1,40.0,0.0089576095214284,S23
C,e99c19dec2b574bc5d4990504f6cf550,85.0,0.0444102609680896,S23
C,e99c19dec2b574bc5d4990504f6cf550,90.0,0.0458326246558385,S23
C,e99c19dec2b574bc5d4990504f6cf550,95.0,0.048426863843125,S23
C,e99c19dec2b574bc5d4990504f6cf550,100.0,0.0491463579944576,S23
C,e99c19dec2b574bc5d4990504f6cf550,105.0,0.050529557925913,S23
C,e99c19dec2b574bc5d4990504f6cf550,110.0,0.0466784019397089,S23
C,e99c19dec2b574bc5d4990504f6cf550,115.0,0.0463091436660856,S23
C,e99c19dec2b574bc5d4990504f6cf550,120.0,0.0470534148877263,S23
C,e99c19dec2b574bc5d4990504f6cf550,125.0,0.0406654066061104,S23
C,e99c19dec2b574bc5d4990504f6cf550,130.0,0.0377489056527527,S23
C,e99c19dec2b574bc5d4990504f6cf550,135.0,0.0388232713917232,S23
C,e99c19dec2b574bc5d4990504f6cf550,140.0,0.0382909640102663,S23
C,e99c19dec2b574bc5d4990504f6cf550,145.0,0.0341488772630257,S23
C,e99c19dec2b574bc5d4990504f6cf550,150.0,0.035884391149055,S23
C,e99c19dec2b574bc5d4990504f6cf550,155.0,0.0327854989878167,S23
C,e99c19dec2b574bc5d4990504f6cf550,160.0,0.0319689746321164,S23
C,3e8d115eb4b32b9e9479f387dbe14ee1,45.0,0.0120831308512776,S23
C,3e8d115eb4b32b9e9479f387dbe14ee1,50.0,0.0170615804081766,S23
C,3e8d115eb4b32b9e9479f387dbe14ee1,55.0,0.0201190405428439,S23
C,3e8d115eb4b32b9e9479f387dbe14ee1,60.0,0.0247897022504207,S23
C,3e8d115eb4b32b9e9479f387dbe14ee1,65.0,0.0297404735879457,S23
C,3e8d115eb4b32b9e9479f387dbe14ee1,70.0,0.0317175756844271,S23
C,3e8d115eb4b32b9e9479f387dbe14ee1,75.0,0.0384827072383988,S23
C,3e8d115eb4b32b9e9479f387dbe14ee1,80.0,0.042125191157429,S23
C,3e8d115eb4b32b9e9479f387dbe14ee1,85.0,0.042019620681347,S23
C,3e8d115eb4b32b9e9479f387dbe14ee1,90.0,0.043365417380742,S23
C,3e8d115eb4b32b9e9479f387dbe14ee1,95.0,0.0458200065731989,S23
C,3e8d115eb4b32b9e9479f387dbe14ee1,100.0,0.0465007697721175,S23
C,3e8d115eb4b32b9e9479f387dbe14ee1,105.0,0.0478095109319135,S23
C,3e8d115eb4b32b9e9479f387dbe14ee1,110.0,0.0441656657889797,S23
C,3e8d115eb4b32b9e9479f387dbe14ee1,115.0,0.0438162849870464,S23
C,3e8d115eb4b32b9e9479f387dbe14ee1,120.0,0.0445204914865275,S23
C,3e8d115eb4b32b9e9479f387dbe14ee1,125.0,0.0384763548601818,S23
C,3e8d115eb4b32b9e9479f387dbe14ee1,130.0,0.0357168515133104,S23
C,3e8d115eb4b32b9e9479f387dbe14ee1,135.0,0.0367333832751258,S23
C,3e8d115eb4b32b9e9479f387dbe14ee1,140.0,0.0362297304307804,S23
C,928568b84963ceb76aaaa2cae9afdbfa,65.0,0.0249341855143572,S23
C,928568b84963ceb76aaaa2cae9afdbfa,70.0,0.0292524765614352,S23
C,928568b84963ceb76aaaa2cae9afdbfa,75.0,0.0349623763512592,S23
C,928568b84963ceb76aaaa2cae9afdbfa,145.0,0.0343024381845961,S23
C,928568b84963ceb76aaaa2cae9afdbfa,150.0,0.0305364866900514,S23
C,928568b84963ceb76aaaa2cae9afdbfa,155.0,0.0287216567317279,S23
C,928568b84963ceb76aaaa2cae9afdbfa,160.0,0.0261464632335535,S23
C,928568b84963ceb76aaaa2cae9afdbfa,165.0,0.0226674413766884,S23
C,928568b84963ceb76aaaa2cae9afdbfa,170.0,0.0217851327408236,S23
C,928568b84963ceb76aaaa2cae9afdbfa,175.0,0.0198340112046023,S23
C,928568b84963ceb76aaaa2cae9afdbfa,180.0,0.0179761418006269,S23
C,928568b84963ceb76aaaa2cae9afdbfa,185.0,0.0156161455307122,S23
C,928568b84963ceb76aaaa2cae9afdbfa,190.0,0.0135359056575351,S23
C,928568b84963ceb76aaaa2cae9afdbfa,195.0,0.0126105575760184,S23
C,928568b84963ceb76aaaa2cae9afdbfa,200.0,0.010759861412985,S23
C,928568b84963ceb76aaaa2cae9afdbfa,205.0,0.0086796215398079,S23
C,928568b84963ceb76aaaa2cae9afdbfa,210.0,0.0087011412626338,S23
C,7da0714a25633d0121161563c2eb089a,40.0,0.0094672386386742,S23
C,7da0714a25633d0121161563c2eb089a,45.0,0.0127705815929706,S23
C,7da0714a25633d0121161563c2eb089a,50.0,0.0180322722140022,S23
C,7da0714a25633d0121161563c2eb089a,55.0,0.021263681738372,S23
C,7da0714a25633d0121161563c2eb089a,60.0,0.0262000734040689,S23
C,7da0714a25633d0121161563c2eb089a,65.0,0.0314325110969304,S23
C,7da0714a25633d0121161563c2eb089a,70.0,0.0335220973102651,S23
C,7da0714a25633d0121161563c2eb089a,75.0,0.0406721203929035,S23
C,7da0714a25633d0121161563c2eb089a,80.0,0.0445218377105091,S23
C,7da0714a25633d0121161563c2eb089a,85.0,0.0444102609680896,S23
C,7da0714a25633d0121161563c2eb089a,90.0,0.0458326246558385,S23
C,7da0714a25633d0121161563c2eb089a,95.0,0.048426863843125,S23
C,7da0714a25633d0121161563c2eb089a,100.0,0.0491463579944576,S23
C,7da0714a25633d0121161563c2eb089a,105.0,0.050529557925913,S23
C,7da0714a25633d0121161563c2eb089a,110.0,0.0466784019397089,S23
C,7da0714a25633d0121161563c2eb089a,115.0,0.0463091436660856,S23
C,7da0714a25633d0121161563c2eb089a,120.0,0.0470534148877263,S23
C,7da0714a25633d0121161563c2eb089a,125.0,0.0406654066061104,S23
C,7da0714a25633d0121161563c2eb089a,130.0,0.0377489056527527,S23
C,7da0714a25633d0121161563c2eb089a,135.0,0.0388232713917232,S23
C,7da0714a25633d0121161563c2eb089a,140.0,0.0382909640102663,S23
C,7da0714a25633d0121161563c2eb089a,145.0,0.0341488772630257,S23
C,7da0714a25633d0121161563c2eb089a,150.0,0.035884391149055,S23
C,7da0714a25633d0121161563c2eb089a,155.0,0.0327854989878167,S23
C,7da0714a25633d0121161563c2eb089a,160.0,0.0319689746321164,S23
C,7da0714a25633d0121161563c2eb089a,165.0,0.0265140228626819,S23
C,7da0714a25633d0121161563c2eb089a,170.0,0.0244439386014606,S23
C,7da0714a25633d0121161563c2eb089a,175.0,0.0209804238765277,S23
C,7da0714a25633d0121161563c2eb089a,180.0,0.0214762849868217,S23
C,e2fca8135c2fadca093abd79a6b1c0d2,40.0,0.0589108256368491,S23
C,e2fca8135c2fadca093abd79a6b1c0d2,45.0,0.0645543296993443,S23
C,e2fca8135c2fadca093abd79a6b1c0d2,50.0,0.0691308850395682,S23
C,e2fca8135c2fadca093abd79a6b1c0d2,55.0,0.0674158441000556,S23
C,e2fca8135c2fadca093abd79a6b1c0d2,60.0,0.0669445936693786,S23
C,e2fca8135c2fadca093abd79a6b1c0d2,65.0,0.0645416489931371,S23
C,e2fca8135c2fadca093abd79a6b1c0d2,70.0,0.059679630313179,S23
C,e2fca8135c2fadca093abd79a6b1c0d2,75.0,0.0563900192029144,S23
C,e2fca8135c2fadca093abd79a6b1c0d2,80.0,0.0537180272949743,S23
C,e2fca8135c2fadca093abd79a6b1c0d2,85.0,0.0521288104170527,S23
C,e2fca8135c2fadca093abd79a6b1c0d2,90.0,0.0453684212078421,S23
C,e2fca8135c2fadca093abd79a6b1c0d2,95.0,0.0433915089401436,S23
C,e2fca8135c2fadca093abd79a6b1c0d2,100.0,0.0377693359880899,S23
C,e2fca8135c2fadca093abd79a6b1c0d2,105.0,0.0334964294965022,S23
C,e2fca8135c2fadca093abd79a6b1c0d2,110.0,0.0292014054940879,S23
C,e2fca8135c2fadca093abd79a6b1c0d2,115.0,0.0255172179906782,S23
C,e2fca8135c2fadca093abd79a6b1c0d2,120.0,0.0243707445294794,S23
C,fa868488740aa25870ced6b9169951fb,95.0,0.048426863843125,S23
C,fa868488740aa25870ced6b9169951fb,100.0,0.0491463579944576,S23
C,fa868488740aa25870ced6b9169951fb,105.0,0.050529557925913,S23
C,fa868488740aa25870ced6b9169951fb,110.0,0.0466784019397089,S23
C,fa868488740aa25870ced6b9169951fb,115.0,0.0463091436660856,S23
C,fa868488740aa25870ced6b9169951fb,120.0,0.0470534148877263,S23
C,fa868488740aa25870ced6b9169951fb,125.0,0.0406654066061104,S23
C,fa868488740aa25870ced6b9169951fb,130.0,0.0377489056527527,S23
C,fa868488740aa25870ced6b9169951fb,135.0,0.0388232713917232,S23
C,fa868488740aa25870ced6b9169951fb,140.0,0.0382909640102663,S23
C,fa868488740aa25870ced6b9169951fb,145.0,0.0341488772630257,S23
C,fa868488740aa25870ced6b9169951fb,150.0,0.035884391149055,S23
C,fa868488740aa25870ced6b9169951fb,155.0,0.0327854989878167,S23
C,fa868488740aa25870ced6b9169951fb,160.0,0.0319689746321164,S23
C,fa868488740aa25870ced6b9169951fb,165.0,0.0265140228626819,S23
C,fa868488740aa25870ced6b9169951fb,170.0,0.0244439386014606,S23
C,fa868488740aa25870ced6b9169951fb,175.0,0.0209804238765277,S23
C,fa868488740aa25870ced6b9169951fb,180.0,0.0214762849868217,S23
C,bbd97b00c539801e32317ab550867ec4,40.0,0.0153621844105408,S23
C,bbd97b00c539801e32317ab550867ec4,45.0,0.0207224130444594,S23
C,bbd97b00c539801e32317ab550867ec4,50.0,0.029260389609379,S23
C,bbd97b00c539801e32317ab550867ec4,55.0,0.0345038941743276,S23
C,e2fca8135c2fadca093abd79a6b1c0d2,125.0,0.0207515333578755,S23
C,e2fca8135c2fadca093abd79a6b1c0d2,130.0,0.0175450840883186,S23
C,e2fca8135c2fadca093abd79a6b1c0d2,135.0,0.0159982345311358,S23
C,e2fca8135c2fadca093abd79a6b1c0d2,140.0,0.0173533006944406,S23
C,e2fca8135c2fadca093abd79a6b1c0d2,145.0,0.013902772405407,S23
C,e2fca8135c2fadca093abd79a6b1c0d2,150.0,0.014359769329107,S23
C,e2fca8135c2fadca093abd79a6b1c0d2,155.0,0.0133702810447525,S23
C,e2fca8135c2fadca093abd79a6b1c0d2,160.0,0.0132484872851345,S23
C,e2fca8135c2fadca093abd79a6b1c0d2,165.0,0.0115550723562079,S23
C,e2fca8135c2fadca093abd79a6b1c0d2,170.0,0.0061330383021222,S23
C,e2fca8135c2fadca093abd79a6b1c0d2,175.0,0.0020451325010923,S23
C,e2fca8135c2fadca093abd79a6b1c0d2,180.0,0.001207616091128,S23
C,58d6a88f13e2db7f5059c41047876f00,60.0,0.0279179715618304,S23
C,58d6a88f13e2db7f5059c41047876f00,65.0,0.0334934920749016,S23
C,58d6a88f13e2db7f5059c41047876f00,70.0,0.0357200892137788,S23
C,58d6a88f13e2db7f5059c41047876f00,75.0,0.0433389282150669,S23
C,58d6a88f13e2db7f5059c41047876f00,80.0,0.0474410655234802,S23
C,58d6a88f13e2db7f5059c41047876f00,85.0,0.0473221728671969,S23
C,58d6a88f13e2db7f5059c41047876f00,90.0,0.0488377987348322,S23
C,58d6a88f13e2db7f5059c41047876f00,95.0,0.0516021381600799,S23
C,58d6a88f13e2db7f5059c41047876f00,100.0,0.0523688084264574,S23
C,58d6a88f13e2db7f5059c41047876f00,105.0,0.0538427026310706,S23
C,58d6a88f13e2db7f5059c41047876f00,110.0,0.0497390323227911,S23
C,58d6a88f13e2db7f5059c41047876f00,115.0,0.0493455623571542,S23
C,58d6a88f13e2db7f5059c41047876f00,120.0,0.0501386342878926,S23
C,58d6a88f13e2db7f5059c41047876f00,125.0,0.0433317742156917,S23
C,58d6a88f13e2db7f5059c41047876f00,130.0,0.0402240428204335,S23
C,58d6a88f13e2db7f5059c41047876f00,135.0,0.0413688530537868,S23
C,58d6a88f13e2db7f5059c41047876f00,140.0,0.0408016431033231,S23
C,58d6a88f13e2db7f5059c41047876f00,145.0,0.0363879661554509,S23
C,58d6a88f13e2db7f5059c41047876f00,150.0,0.0382372749939446,S23
C,58d6a88f13e2db7f5059c41047876f00,155.0,0.0349351932823264,S23
C,58d6a88f13e2db7f5059c41047876f00,160.0,0.0340651306916452,S23
C,58d6a88f13e2db7f5059c41047876f00,165.0,0.0282525061992811,S23
C,58d6a88f13e2db7f5059c41047876f00,170.0,0.0260466897252557,S23
C,58d6a88f13e2db7f5059c41047876f00,175.0,0.0223560777142358,S23
C,58d6a88f13e2db7f5059c41047876f00,180.0,0.0228844516680912,S23
C,eb14905b7083730d14f5c0958a71082d,60.0,0.0279179715618304,S23
C,eb14905b7083730d14f5c0958a71082d,65.0,0.0334934920749016,S23
C,eb14905b7083730d14f5c0958a71082d,70.0,0.0357200892137788,S23
C,eb14905b7083730d14f5c0958a71082d,75.0,0.0433389282150669,S23
C,eb14905b7083730d14f5c0958a71082d,80.0,0.0474410655234802,S23
C,eb14905b7083730d14f5c0958a71082d,85.0,0.0473221728671969,S23
C,eb14905b7083730d14f5c0958a71082d,90.0,0.0488377987348322,S23
C,eb14905b7083730d14f5c0958a71082d,95.0,0.0516021381600799,S23
C,eb14905b7083730d14f5c0958a71082d,100.0,0.0523688084264574,S23
C,eb14905b7083730d14f5c0958a71082d,105.0,0.0538427026310706,S23
C,eb14905b7083730d14f5c0958a71082d,110.0,0.0497390323227911,S23
C,eb14905b7083730d14f5c0958a71082d,115.0,0.0493455623571542,S23
C,eb14905b7083730d14f5c0958a71082d,120.0,0.0501386342878926,S23
C,eb14905b7083730d14f5c0958a71082d,125.0,0.0433317742156917,S23
C,eb14905b7083730d14f5c0958a71082d,130.0,0.0402240428204335,S23
C,eb14905b7083730d14f5c0958a71082d,135.0,0.0413688530537868,S23
C,eb14905b7083730d14f5c0958a71082d,140.0,0.0408016431033231,S23
C,eb14905b7083730d14f5c0958a71082d,145.0,0.0363879661554509,S23
C,eb14905b7083730d14f5c0958a71082d,150.0,0.0382372749939446,S23
C,eb14905b7083730d14f5c0958a71082d,155.0,0.0349351932823264,S23
C,eb14905b7083730d14f5c0958a71082d,160.0,0.0340651306916452,S23
C,eb14905b7083730d14f5c0958a71082d,165.0,0.0282525061992811,S23
C,eb14905b7083730d14f5c0958a71082d,170.0,0.0260466897252557,S23
C,eb14905b7083730d14f5c0958a71082d,175.0,0.0223560777142358,S23
C,eb14905b7083730d14f5c0958a71082d,180.0,0.0228844516680912,S23
C,2a5271c118492b7bb2274dd278a033ba,40.0,0.0094672386386742,S23
C,2a5271c118492b7bb2274dd278a033ba,45.0,0.0127705815929706,S23
C,2a5271c118492b7bb2274dd278a033ba,50.0,0.0180322722140022,S23
C,2a5271c118492b7bb2274dd278a033ba,55.0,0.021263681738372,S23
C,2a5271c118492b7bb2274dd278a033ba,60.0,0.0262000734040689,S23
C,2a5271c118492b7bb2274dd278a033ba,65.0,0.0314325110969304,S23
C,2a5271c118492b7bb2274dd278a033ba,70.0,0.0335220973102651,S23
C,2a5271c118492b7bb2274dd278a033ba,75.0,0.0406721203929035,S23
C,2a5271c118492b7bb2274dd278a033ba,80.0,0.0445218377105091,S23
C,2a5271c118492b7bb2274dd278a033ba,85.0,0.0444102609680896,S23
C,2a5271c118492b7bb2274dd278a033ba,90.0,0.0458326246558385,S23
C,2a5271c118492b7bb2274dd278a033ba,95.0,0.048426863843125,S23
C,2a5271c118492b7bb2274dd278a033ba,100.0,0.0491463579944576,S23
C,2a5271c118492b7bb2274dd278a033ba,105.0,0.050529557925913,S23
C,2a5271c118492b7bb2274dd278a033ba,110.0,0.0466784019397089,S23
C,2a5271c118492b7bb2274dd278a033ba,115.0,0.0463091436660856,S23
C,2a5271c118492b7bb2274dd278a033ba,120.0,0.0470534148877263,S23
C,2a5271c118492b7bb2274dd278a033ba,125.0,0.0406654066061104,S23
C,2a5271c118492b7bb2274dd278a033ba,130.0,0.0377489056527527,S23
C,2a5271c118492b7bb2274dd278a033ba,135.0,0.0388232713917232,S23
C,2a5271c118492b7bb2274dd278a033ba,140.0,0.0382909640102663,S23
C,2a5271c118492b7bb2274dd278a033ba,145.0,0.0341488772630257,S23
C,2a5271c118492b7bb2274dd278a033ba,150.0,0.035884391149055,S23
C,2a5271c118492b7bb2274dd278a033ba,155.0,0.0327854989878167,S23
C,2a5271c118492b7bb2274dd278a033ba,160.0,0.0319689746321164,S23
C,2a5271c118492b7bb2274dd278a033ba,165.0,0.0265140228626819,S23
C,2a5271c118492b7bb2274dd278a033ba,170.0,0.0244439386014606,S23
C,2a5271c118492b7bb2274dd278a033ba,175.0,0.0209804238765277,S23
C,2a5271c118492b7bb2274dd278a033ba,180.0,0.0214762849868217,S23
C,128e7c2d5320fbae95db10cda461266e,40.0,0.0082712125353176,S23
C,128e7c2d5320fbae95db10cda461266e,45.0,0.0111572337601777,S23
C,128e7c2d5320fbae95db10cda461266e,50.0,0.0157541984172062,S23
C,128e7c2d5320fbae95db10cda461266e,55.0,0.0185773737891175,S23
C,128e7c2d5320fbae95db10cda461266e,60.0,0.0228901355333664,S23
C,128e7c2d5320fbae95db10cda461266e,65.0,0.0274615428768624,S23
C,128e7c2d5320fbae95db10cda461266e,70.0,0.0292871450762997,S23
C,128e7c2d5320fbae95db10cda461266e,75.0,0.0355338832019598,S23
C,128e7c2d5320fbae95db10cda461266e,80.0,0.0388972535943289,S23
C,128e7c2d5320fbae95db10cda461266e,85.0,0.0387997726935327,S23
C,128e7c2d5320fbae95db10cda461266e,90.0,0.0400424446925071,S23
C,128e7c2d5320fbae95db10cda461266e,95.0,0.0423089454647429,S23
C,128e7c2d5320fbae95db10cda461266e,100.0,0.042937543651682,S23
C,128e7c2d5320fbae95db10cda461266e,105.0,0.044145999575162,S23
C,128e7c2d5320fbae95db10cda461266e,110.0,0.040781372265734,S23
C,128e7c2d5320fbae95db10cda461266e,115.0,0.0404587635539301,S23
C,128e7c2d5320fbae95db10cda461266e,120.0,0.0411090086457738,S23
C,128e7c2d5320fbae95db10cda461266e,125.0,0.035528017589018,S23
C,128e7c2d5320fbae95db10cda461266e,130.0,0.0329799673955714,S23
C,128e7c2d5320fbae95db10cda461266e,135.0,0.0339186051237246,S23
C,128e7c2d5320fbae95db10cda461266e,140.0,0.0334535458119034,S23
C,128e7c2d5320fbae95db10cda461266e,145.0,0.0298347419416603,S23
C,128e7c2d5320fbae95db10cda461266e,150.0,0.0313510028871384,S23
C,128e7c2d5320fbae95db10cda461266e,155.0,0.0286436035421039,S23
C,128e7c2d5320fbae95db10cda461266e,160.0,0.0279302332824095,S23
C,128e7c2d5320fbae95db10cda461266e,165.0,0.0231644227671252,S23
C,128e7c2d5320fbae95db10cda461266e,170.0,0.0213558587767096,S23
C,128e7c2d5320fbae95db10cda461266e,175.0,0.0183299007859502,S23
C,128e7c2d5320fbae95db10cda461266e,180.0,0.0187631181989439,S23
C,128e7c2d5320fbae95db10cda461266e,185.0,0.0183222196261453,S23
C,128e7c2d5320fbae95db10cda461266e,190.0,0.0160009731331185,S23
C,128e7c2d5320fbae95db10cda461266e,195.0,0.0153827095975533,S23
C,128e7c2d5320fbae95db10cda461266e,200.0,0.0140373893720959,S23
C,128e7c2d5320fbae95db10cda461266e,205.0,0.0135150705053658,S23
C,128e7c2d5320fbae95db10cda461266e,210.0,0.0145485356427461,S23
C,128e7c2d5320fbae95db10cda461266e,215.0,0.0114760717208046,S23
C,128e7c2d5320fbae95db10cda461266e,220.0,0.0092534233881819,S23
C,128e7c2d5320fbae95db10cda461266e,225.0,0.0081671677343246,S23
C,128e7c2d5320fbae95db10cda461266e,230.0,0.0048646879905904,S23
C,128e7c2d5320fbae95db10cda461266e,235.0,0.0006408880426268,S23
C,128e7c2d5320fbae95db10cda461266e,240.0,0.0001240158164856,S23
C,1b2d5bac041ba5c7062079117011b112,60.0,0.0279179715618304,S23
C,1b2d5bac041ba5c7062079117011b112,65.0,0.0334934920749016,S23
C,1b2d5bac041ba5c7062079117011b112,70.0,0.0357200892137788,S23
C,1b2d5bac041ba5c7062079117011b112,75.0,0.0433389282150669,S23
C,1b2d5bac041ba5c7062079117011b112,80.0,0.0474410655234802,S23
C,1b2d5bac041ba5c7062079117011b112,85.0,0.0473221728671969,S23
C,1b2d5bac041ba5c7062079117011b112,90.0,0.0488377987348322,S23
C,1b2d5bac041ba5c7062079117011b112,95.0,0.0516021381600799,S23
C,1b2d5bac041ba5c7062079117011b112,100.0,0.0523688084264574,S23
C,1b2d5bac041ba5c7062079117011b112,105.0,0.0538427026310706,S23
C,1b2d5bac041ba5c7062079117011b112,110.0,0.0497390323227911,S23
C,1b2d5bac041ba5c7062079117011b112,115.0,0.0493455623571542,S23
C,1b2d5bac041ba5c7062079117011b112,120.0,0.0501386342878926,S23
C,1b2d5bac041ba5c7062079117011b112,125.0,0.0433317742156917,S23
C,1b2d5bac041ba5c7062079117011b112,130.0,0.0402240428204335,S23
C,1b2d5bac041ba5c7062079117011b112,135.0,0.0413688530537868,S23
C,1b2d5bac041ba5c7062079117011b112,140.0,0.0408016431033231,S23
C,1b2d5bac041ba5c7062079117011b112,145.0,0.0363879661554509,S23
C,1b2d5bac041ba5c7062079117011b112,150.0,0.0382372749939446,S23
C,1b2d5bac041ba5c7062079117011b112,155.0,0.0349351932823264,S23
C,1b2d5bac041ba5c7062079117011b112,160.0,0.0340651306916452,S23
C,1b2d5bac041ba5c7062079117011b112,165.0,0.0282525061992811,S23
C,1b2d5bac041ba5c7062079117011b112,170.0,0.0260466897252557,S23
C,d38212a0c0e98f678feaaa5a8b9167f5,115.0,0.0463091436660856,S23
C,d38212a0c0e98f678feaaa5a8b9167f5,120.0,0.0470534148877263,S23
C,d38212a0c0e98f678feaaa5a8b9167f5,125.0,0.0406654066061104,S23
C,d38212a0c0e98f678feaaa5a8b9167f5,130.0,0.0377489056527527,S23
C,d38212a0c0e98f678feaaa5a8b9167f5,135.0,0.0388232713917232,S23
C,d38212a0c0e98f678feaaa5a8b9167f5,140.0,0.0382909640102663,S23
C,d38212a0c0e98f678feaaa5a8b9167f5,145.0,0.0341488772630257,S23
C,d38212a0c0e98f678feaaa5a8b9167f5,150.0,0.035884391149055,S23
C,d38212a0c0e98f678feaaa5a8b9167f5,155.0,0.0327854989878167,S23
C,d38212a0c0e98f678feaaa5a8b9167f5,160.0,0.0319689746321164,S23
C,d38212a0c0e98f678feaaa5a8b9167f5,165.0,0.0265140228626819,S23
C,d38212a0c0e98f678feaaa5a8b9167f5,170.0,0.0244439386014606,S23
C,d38212a0c0e98f678feaaa5a8b9167f5,175.0,0.0209804238765277,S23
C,d38212a0c0e98f678feaaa5a8b9167f5,180.0,0.0214762849868217,S23
C,71a75a167c33c58bfb561764255c880a,45.0,0.0128926392857713,S23
C,71a75a167c33c58bfb561764255c880a,50.0,0.0182046196929618,S23
C,71a75a167c33c58bfb561764255c880a,55.0,0.0214669141373462,S23
C,71a75a167c33c58bfb561764255c880a,60.0,0.0264504864716046,S23
C,71a75a167c33c58bfb561764255c880a,65.0,0.0317329343592145,S23
C,71a75a167c33c58bfb561764255c880a,70.0,0.033842492260624,S23
C,71a75a167c33c58bfb561764255c880a,75.0,0.0410608532897048,S23
C,71a75a167c33c58bfb561764255c880a,80.0,0.0449473651424927,S23
C,71a75a167c33c58bfb561764255c880a,85.0,0.0448347219803765,S23
C,71a75a167c33c58bfb561764255c880a,90.0,0.0462706802275262,S23
C,71a75a167c33c58bfb561764255c880a,95.0,0.0488897144366736,S23
C,71a75a167c33c58bfb561764255c880a,100.0,0.0496160853144462,S23
C,71a75a167c33c58bfb561764255c880a,105.0,0.0510125054889334,S23
C,71a75a167c33c58bfb561764255c880a,110.0,0.0471245412171497,S23
C,71a75a167c33c58bfb561764255c880a,115.0,0.0467517536749024,S23
C,71a75a167c33c58bfb561764255c880a,120.0,0.04750313843538,S23
C,71a75a167c33c58bfb561764255c880a,125.0,0.0410540753343912,S23
C,71a75a167c33c58bfb561764255c880a,130.0,0.0381096992701917,S23
C,71a75a167c33c58bfb561764255c880a,135.0,0.0391943335002539,S23
C,71a75a167c33c58bfb561764255c880a,140.0,0.0386569384718196,S23
C,71a75a167c33c58bfb561764255c880a,145.0,0.0344752628031137,S23
C,71a75a167c33c58bfb561764255c880a,150.0,0.0362273642516758,S23
C,71a75a167c33c58bfb561764255c880a,155.0,0.0330988537347905,S23
C,71a75a167c33c58bfb561764255c880a,160.0,0.0322745252647477,S23
C,71a75a167c33c58bfb561764255c880a,165.0,0.026767436572459,S23
C,71a75a167c33c58bfb561764255c880a,170.0,0.0246775670174366,S23
C,71a75a167c33c58bfb561764255c880a,175.0,0.0211809489750682,S23
C,71a75a167c33c58bfb561764255c880a,180.0,0.0216815493889431,S23
C,35b5282113b88c2fe23dcbec9f0258c1,40.0,0.0082712125353176,S23
C,35b5282113b88c2fe23dcbec9f0258c1,45.0,0.0111572337601777,S23
C,35b5282113b88c2fe23dcbec9f0258c1,50.0,0.0157541984172062,S23
C,35b5282113b88c2fe23dcbec9f0258c1,55.0,0.0185773737891175,S23
C,35b5282113b88c2fe23dcbec9f0258c1,60.0,0.0228901355333664,S23
C,35b5282113b88c2fe23dcbec9f0258c1,65.0,0.0274615428768624,S23
C,35b5282113b88c2fe23dcbec9f0258c1,70.0,0.0292871450762997,S23
C,35b5282113b88c2fe23dcbec9f0258c1,75.0,0.0355338832019598,S23
C,35b5282113b88c2fe23dcbec9f0258c1,80.0,0.0388972535943289,S23
C,35b5282113b88c2fe23dcbec9f0258c1,85.0,0.0387997726935327,S23
C,35b5282113b88c2fe23dcbec9f0258c1,90.0,0.0400424446925071,S23
C,35b5282113b88c2fe23dcbec9f0258c1,95.0,0.0423089454647429,S23
C,35b5282113b88c2fe23dcbec9f0258c1,100.0,0.042937543651682,S23
C,35b5282113b88c2fe23dcbec9f0258c1,105.0,0.044145999575162,S23
C,35b5282113b88c2fe23dcbec9f0258c1,110.0,0.040781372265734,S23
C,35b5282113b88c2fe23dcbec9f0258c1,115.0,0.0404587635539301,S23
C,35b5282113b88c2fe23dcbec9f0258c1,120.0,0.0411090086457738,S23
C,35b5282113b88c2fe23dcbec9f0258c1,125.0,0.035528017589018,S23
C,35b5282113b88c2fe23dcbec9f0258c1,130.0,0.0329799673955714,S23
C,35b5282113b88c2fe23dcbec9f0258c1,135.0,0.0339186051237246,S23
C,35b5282113b88c2fe23dcbec9f0258c1,140.0,0.0334535458119034,S23
C,35b5282113b88c2fe23dcbec9f0258c1,145.0,0.0298347419416603,S23
C,35b5282113b88c2fe23dcbec9f0258c1,150.0,0.0313510028871384,S23
C,35b5282113b88c2fe23dcbec9f0258c1,155.0,0.0286436035421039,S23
C,35b5282113b88c2fe23dcbec9f0258c1,160.0,0.0279302332824095,S23
C,35b5282113b88c2fe23dcbec9f0258c1,165.0,0.0231644227671252,S23
C,35b5282113b88c2fe23dcbec9f0258c1,170.0,0.0213558587767096,S23
C,35b5282113b88c2fe23dcbec9f0258c1,175.0,0.0183299007859502,S23
C,35b5282113b88c2fe23dcbec9f0258c1,180.0,0.0187631181989439,S23
C,35b5282113b88c2fe23dcbec9f0258c1,185.0,0.0183222196261453,S23
C,35b5282113b88c2fe23dcbec9f0258c1,190.0,0.0160009731331185,S23
C,35b5282113b88c2fe23dcbec9f0258c1,195.0,0.0153827095975533,S23
C,35b5282113b88c2fe23dcbec9f0258c1,200.0,0.0140373893720959,S23
C,35b5282113b88c2fe23dcbec9f0258c1,205.0,0.0135150705053658,S23
C,35b5282113b88c2fe23dcbec9f0258c1,210.0,0.0145485356427461,S23
C,35b5282113b88c2fe23dcbec9f0258c1,215.0,0.0114760717208046,S23
C,35b5282113b88c2fe23dcbec9f0258c1,220.0,0.0092534233881819,S23
C,35b5282113b88c2fe23dcbec9f0258c1,225.0,0.0081671677343246,S23
C,35b5282113b88c2fe23dcbec9f0258c1,230.0,0.0048646879905904,S23
C,35b5282113b88c2fe23dcbec9f0258c1,235.0,0.0006408880426268,S23
C,35b5282113b88c2fe23dcbec9f0258c1,240.0,0.0001240158164856,S23
C,2ecd214db016e0ad63452ae4236e065d,40.0,0.0094672386386742,S23
C,2ecd214db016e0ad63452ae4236e065d,45.0,0.0127705815929706,S23
C,2ecd214db016e0ad63452ae4236e065d,50.0,0.0180322722140022,S23
C,2ecd214db016e0ad63452ae4236e065d,55.0,0.021263681738372,S23
C,2ecd214db016e0ad63452ae4236e065d,60.0,0.0262000734040689,S23
C,2ecd214db016e0ad63452ae4236e065d,65.0,0.0314325110969304,S23
C,2ecd214db016e0ad63452ae4236e065d,140.0,0.0382909640102663,S23
C,2ecd214db016e0ad63452ae4236e065d,145.0,0.0341488772630257,S23
C,2ecd214db016e0ad63452ae4236e065d,150.0,0.035884391149055,S23
C,2ecd214db016e0ad63452ae4236e065d,155.0,0.0327854989878167,S23
C,2ecd214db016e0ad63452ae4236e065d,160.0,0.0319689746321164,S23
C,2ecd214db016e0ad63452ae4236e065d,165.0,0.0265140228626819,S23
C,2ecd214db016e0ad63452ae4236e065d,170.0,0.0244439386014606,S23
C,2ecd214db016e0ad63452ae4236e065d,175.0,0.0209804238765277,S23
C,2ecd214db016e0ad63452ae4236e065d,180.0,0.0214762849868217,S23
C,1af89fed0bc8bd12f596dd0bc5507bde,40.0,0.0094672386386742,S23
C,1af89fed0bc8bd12f596dd0bc5507bde,45.0,0.0127705815929706,S23
C,1af89fed0bc8bd12f596dd0bc5507bde,50.0,0.0180322722140022,S23
C,1af89fed0bc8bd12f596dd0bc5507bde,55.0,0.021263681738372,S23
C,1af89fed0bc8bd12f596dd0bc5507bde,60.0,0.0262000734040689,S23
C,1af89fed0bc8bd12f596dd0bc5507bde,65.0,0.0314325110969304,S23
C,1af89fed0bc8bd12f596dd0bc5507bde,70.0,0.0335220973102651,S23
C,1af89fed0bc8bd12f596dd0bc5507bde,75.0,0.0406721203929035,S23
C,1af89fed0bc8bd12f596dd0bc5507bde,80.0,0.0445218377105091,S23
C,1af89fed0bc8bd12f596dd0bc5507bde,85.0,0.0444102609680896,S23
C,1af89fed0bc8bd12f596dd0bc5507bde,90.0,0.0458326246558385,S23
C,1af89fed0bc8bd12f596dd0bc5507bde,95.0,0.048426863843125,S23
C,1af89fed0bc8bd12f596dd0bc5507bde,100.0,0.0491463579944576,S23
C,1af89fed0bc8bd12f596dd0bc5507bde,105.0,0.050529557925913,S23
C,1af89fed0bc8bd12f596dd0bc5507bde,110.0,0.0466784019397089,S23
C,1af89fed0bc8bd12f596dd0bc5507bde,115.0,0.0463091436660856,S23
C,1af89fed0bc8bd12f596dd0bc5507bde,120.0,0.0470534148877263,S23
C,1af89fed0bc8bd12f596dd0bc5507bde,125.0,0.0406654066061104,S23
C,1af89fed0bc8bd12f596dd0bc5507bde,130.0,0.0377489056527527,S23
C,1af89fed0bc8bd12f596dd0bc5507bde,135.0,0.0388232713917232,S23
C,1af89fed0bc8bd12f596dd0bc5507bde,140.0,0.0382909640102663,S23
C,1af89fed0bc8bd12f596dd0bc5507bde,145.0,0.0341488772630257,S23
C,1af89fed0bc8bd12f596dd0bc5507bde,150.0,0.035884391149055,S23
C,1af89fed0bc8bd12f596dd0bc5507bde,155.0,0.0327854989878167,S23
C,1af89fed0bc8bd12f596dd0bc5507bde,160.0,0.0319689746321164,S23
C,1af89fed0bc8bd12f596dd0bc5507bde,165.0,0.0265140228626819,S23
C,1af89fed0bc8bd12f596dd0bc5507bde,170.0,0.0244439386014606,S23
C,1af89fed0bc8bd12f596dd0bc5507bde,175.0,0.0209804238765277,S23
C,1af89fed0bc8bd12f596dd0bc5507bde,180.0,0.0214762849868217,S23
C,e5919ba9cf2e803bdbc98334a7f64daa,45.0,0.0165111497706784,S23
C,e5919ba9cf2e803bdbc98334a7f64daa,50.0,0.0164795192155622,S23
C,e5919ba9cf2e803bdbc98334a7f64daa,55.0,0.0218567135853234,S23
C,e5919ba9cf2e803bdbc98334a7f64daa,60.0,0.0256207496441562,S23
C,e5919ba9cf2e803bdbc98334a7f64daa,65.0,0.0319468606674047,S23
C,e5919ba9cf2e803bdbc98334a7f64daa,70.0,0.0306183773525225,S23
C,e5919ba9cf2e803bdbc98334a7f64daa,75.0,0.0360904633876324,S23
C,e5919ba9cf2e803bdbc98334a7f64daa,80.0,0.0390321050134429,S23
C,e5919ba9cf2e803bdbc98334a7f64daa,85.0,0.0368495967104222,S23
C,e5919ba9cf2e803bdbc98334a7f64daa,90.0,0.0382413411355369,S23
C,e5919ba9cf2e803bdbc98334a7f64daa,95.0,0.042037007749486,S23
C,e5919ba9cf2e803bdbc98334a7f64daa,100.0,0.0415625494227423,S23
C,e5919ba9cf2e803bdbc98334a7f64daa,105.0,0.0448132215720385,S23
C,e5919ba9cf2e803bdbc98334a7f64daa,110.0,0.0442827771627392,S23
C,e5919ba9cf2e803bdbc98334a7f64daa,115.0,0.0427961410722758,S23
C,e5919ba9cf2e803bdbc98334a7f64daa,120.0,0.039696346670884,S23
C,e5919ba9cf2e803bdbc98334a7f64daa,125.0,0.0378301439190257,S23
C,e5919ba9cf2e803bdbc98334a7f64daa,130.0,0.04074015498972,S23
C,e5919ba9cf2e803bdbc98334a7f64daa,135.0,0.0354578522853076,S23
C,e5919ba9cf2e803bdbc98334a7f64daa,140.0,0.0371342717064684,S23
C,e5919ba9cf2e803bdbc98334a7f64daa,145.0,0.0330855606515894,S23
C,e5919ba9cf2e803bdbc98334a7f64daa,220.0,0.0077811165585956,S23
C,e5919ba9cf2e803bdbc98334a7f64daa,225.0,0.0053455638146449,S23
C,e5919ba9cf2e803bdbc98334a7f64daa,230.0,0.0034160999525541,S23
C,e5919ba9cf2e803bdbc98334a7f64daa,235.0,0.0004111972165111,S23
C,e5919ba9cf2e803bdbc98334a7f64daa,240.0,0.0003479361062787,S23
C,7f58de3a72e00a866a762143cd799b49,40.0,0.0082712125353176,S23
C,7f58de3a72e00a866a762143cd799b49,45.0,0.0111572337601777,S23
C,7f58de3a72e00a866a762143cd799b49,50.0,0.0157541984172062,S23
C,7f58de3a72e00a866a762143cd799b49,55.0,0.0185773737891175,S23
C,7f58de3a72e00a866a762143cd799b49,60.0,0.0228901355333664,S23
C,7f58de3a72e00a866a762143cd799b49,65.0,0.0274615428768624,S23
C,7f58de3a72e00a866a762143cd799b49,70.0,0.0292871450762997,S23
C,7f58de3a72e00a866a762143cd799b49,75.0,0.0355338832019598,S23
C,7f58de3a72e00a866a762143cd799b49,80.0,0.0388972535943289,S23
C,7f58de3a72e00a866a762143cd799b49,85.0,0.0387997726935327,S23
C,7f58de3a72e00a866a762143cd799b49,90.0,0.0400424446925071,S23
C,7f58de3a72e00a866a762143cd799b49,95.0,0.0423089454647429,S23
C,7f58de3a72e00a866a762143cd799b49,100.0,0.042937543651682,S23
C,7f58de3a72e00a866a762143cd799b49,105.0,0.044145999575162,S23
C,7f58de3a72e00a866a762143cd799b49,110.0,0.040781372265734,S23
C,7f58de3a72e00a866a762143cd799b49,115.0,0.0404587635539301,S23
C,7f58de3a72e00a866a762143cd799b49,120.0,0.0411090086457738,S23
C,7f58de3a72e00a866a762143cd799b49,125.0,0.035528017589018,S23
C,7f58de3a72e00a866a762143cd799b49,130.0,0.0329799673955714,S23
C,7f58de3a72e00a866a762143cd799b49,135.0,0.0339186051237246,S23
C,7f58de3a72e00a866a762143cd799b49,140.0,0.0334535458119034,S23
C,7f58de3a72e00a866a762143cd799b49,145.0,0.0298347419416603,S23
C,7f58de3a72e00a866a762143cd799b49,150.0,0.0313510028871384,S23
C,7f58de3a72e00a866a762143cd799b49,155.0,0.0286436035421039,S23
C,7f58de3a72e00a866a762143cd799b49,160.0,0.0279302332824095,S23
C,7f58de3a72e00a866a762143cd799b49,165.0,0.0231644227671252,S23
C,7f58de3a72e00a866a762143cd799b49,170.0,0.0213558587767096,S23
C,7f58de3a72e00a866a762143cd799b49,175.0,0.0183299007859502,S23
C,7f58de3a72e00a866a762143cd799b49,180.0,0.0187631181989439,S23
C,7f58de3a72e00a866a762143cd799b49,185.0,0.0183222196261453,S23
C,7f58de3a72e00a866a762143cd799b49,190.0,0.0160009731331185,S23
C,7f58de3a72e00a866a762143cd799b49,195.0,0.0153827095975533,S23
C,7f58de3a72e00a866a762143cd799b49,200.0,0.0140373893720959,S23
C,7f58de3a72e00a866a762143cd799b49,205.0,0.0135150705053658,S23
C,7f58de3a72e00a866a762143cd799b49,210.0,0.0145485356427461,S23
C,7f58de3a72e00a866a762143cd799b49,215.0,0.0114760717208046,S23
C,7f58de3a72e00a866a762143cd799b49,220.0,0.0092534233881819,S23
C,7f58de3a72e00a866a762143cd799b49,225.0,0.0081671677343246,S23
C,7f58de3a72e00a866a762143cd799b49,230.0,0.0048646879905904,S23
C,7f58de3a72e00a866a762143cd799b49,235.0,0.0006408880426268,S23
C,7f58de3a72e00a866a762143cd799b49,240.0,0.0001240158164856,S23
C,66c35cd8077f7e1db5faefbc048a646a,60.0,0.0241906239230396,S23
C,66c35cd8077f7e1db5faefbc048a646a,65.0,0.0290217528468651,S23
C,66c35cd8077f7e1db5faefbc048a646a,70.0,0.0309510754660032,S23
C,66c35cd8077f7e1db5faefbc048a646a,75.0,0.0375527180173671,S23
C,66c35cd8077f7e1db5faefbc048a646a,80.0,0.0411071761444099,S23
C,66c35cd8077f7e1db5faefbc048a646a,85.0,0.0410041569286695,S23
C,66c35cd8077f7e1db5faefbc048a646a,90.0,0.04231743054136,S23
C,66c35cd8077f7e1db5faefbc048a646a,95.0,0.0447127011033239,S23
C,66c35cd8077f7e1db5faefbc048a646a,100.0,0.0453770126936499,S23
C,66c35cd8077f7e1db5faefbc048a646a,105.0,0.0466541262664316,S23
C,66c35cd8077f7e1db5faefbc048a646a,110.0,0.0430983398113921,S23
C,66c35cd8077f7e1db5faefbc048a646a,115.0,0.0427574022922513,S23
C,66c35cd8077f7e1db5faefbc048a646a,120.0,0.0434445906425196,S23
C,66c35cd8077f7e1db5faefbc048a646a,125.0,0.0375465191533827,S23
C,66c35cd8077f7e1db5faefbc048a646a,155.0,0.0302709715317171,S23
C,66c35cd8077f7e1db5faefbc048a646a,160.0,0.0295170715976169,S23
C,66c35cd8077f7e1db5faefbc048a646a,165.0,0.0244804946103091,S23
C,66c35cd8077f7e1db5faefbc048a646a,170.0,0.0225691782151256,S23
C,66c35cd8077f7e1db5faefbc048a646a,175.0,0.0193713023591843,S23
C,66c35cd8077f7e1db5faefbc048a646a,180.0,0.0198291327420305,S23
C,66c35cd8077f7e1db5faefbc048a646a,185.0,0.0193631847992047,S23
C,66c35cd8077f7e1db5faefbc048a646a,190.0,0.0169100581733866,S23
C,66c35cd8077f7e1db5faefbc048a646a,195.0,0.0162566683910331,S23
C,66c35cd8077f7e1db5faefbc048a646a,205.0,0.014282920580007,S23
C,66c35cd8077f7e1db5faefbc048a646a,210.0,0.0153751013772547,S23
C,66c35cd8077f7e1db5faefbc048a646a,215.0,0.0121280773854372,S23
C,66c35cd8077f7e1db5faefbc048a646a,220.0,0.0097791507113565,S23
C,66c35cd8077f7e1db5faefbc048a646a,225.0,0.0086311801382494,S23
C,66c35cd8077f7e1db5faefbc048a646a,230.0,0.0051410721230444,S23
C,66c35cd8077f7e1db5faefbc048a646a,235.0,0.0006772996862932,S23
C,66c35cd8077f7e1db5faefbc048a646a,240.0,0.0001310616956697,S23
C,f7adf0ba18d705092fa0a1e2f2c0bafb,40.0,0.0121956332053475,S23
C,f7adf0ba18d705092fa0a1e2f2c0bafb,45.0,0.0147408774195455,S23
C,f7adf0ba18d705092fa0a1e2f2c0bafb,50.0,0.0192621468629698,S23
C,f7adf0ba18d705092fa0a1e2f2c0bafb,55.0,0.0211547611705576,S23
C,f7adf0ba18d705092fa0a1e2f2c0bafb,60.0,0.0242010919936756,S23
C,f7adf0ba18d705092fa0a1e2f2c0bafb,65.0,0.028006692002967,S23
C,f7adf0ba18d705092fa0a1e2f2c0bafb,70.0,0.0311349431579101,S23
C,f7adf0ba18d705092fa0a1e2f2c0bafb,75.0,0.033362878065592,S23
C,f7adf0ba18d705092fa0a1e2f2c0bafb,80.0,0.0366390702595098,S23
C,f7adf0ba18d705092fa0a1e2f2c0bafb,85.0,0.0375832967983559,S23
C,f7adf0ba18d705092fa0a1e2f2c0bafb,90.0,0.0386397523285652,S23
C,f7adf0ba18d705092fa0a1e2f2c0bafb,95.0,0.0404454155637078,S23
C,f7adf0ba18d705092fa0a1e2f2c0bafb,100.0,0.0406850278762032,S23
C,f7adf0ba18d705092fa0a1e2f2c0bafb,105.0,0.0404595140590257,S23
C,f7adf0ba18d705092fa0a1e2f2c0bafb,110.0,0.0386042887125893,S23
C,f7adf0ba18d705092fa0a1e2f2c0bafb,205.0,0.0098880138505605,S23
C,f7adf0ba18d705092fa0a1e2f2c0bafb,210.0,0.0085605815138666,S23
C,f7adf0ba18d705092fa0a1e2f2c0bafb,215.0,0.0075485331385132,S23
C,f7adf0ba18d705092fa0a1e2f2c0bafb,220.0,0.0064128900244698,S23
C,f7adf0ba18d705092fa0a1e2f2c0bafb,225.0,0.0064877921625905,S23
C,f7adf0ba18d705092fa0a1e2f2c0bafb,300.0,0.0021128489525097,S23
C,f7adf0ba18d705092fa0a1e2f2c0bafb,305.0,0.0018926143075878,S23
C,f7adf0ba18d705092fa0a1e2f2c0bafb,310.0,0.0020932228533006,S23
C,f7adf0ba18d705092fa0a1e2f2c0bafb,315.0,0.0023062529807914,S23
C,f7adf0ba18d705092fa0a1e2f2c0bafb,320.0,0.0016761682451081,S23
C,f7adf0ba18d705092fa0a1e2f2c0bafb,325.0,0.0023546971497252,S23
C,3ab7806fac7c2de105704d4ff29dd581,120.0,0.04750313843538,S23
C,6c7d3accb2aed8a5dad41752cc3fa8a1,130.0,0.0402240428204335,S23
C,6c7d3accb2aed8a5dad41752cc3fa8a1,135.0,0.0413688530537868,S23
C,6c7d3accb2aed8a5dad41752cc3fa8a1,140.0,0.0408016431033231,S23
C,6c7d3accb2aed8a5dad41752cc3fa8a1,145.0,0.0363879661554509,S23
C,3df6c1edff7b174300e1a38a6322cd6d,90.0,0.0458326246558385,S23
C,3df6c1edff7b174300e1a38a6322cd6d,95.0,0.048426863843125,S23
C,3df6c1edff7b174300e1a38a6322cd6d,100.0,0.0491463579944576,S23
C,17a931ba9905835dd08db446b3d33e1b,145.0,0.0363879661554509,S23
C,f7adf0ba18d705092fa0a1e2f2c0bafb,260.0,0.0034817693723418,S23
C,f7adf0ba18d705092fa0a1e2f2c0bafb,265.0,0.003195700343997,S23
C,2ecd214db016e0ad63452ae4236e065d,70.0,0.0335220973102651,S23
C,2ecd214db016e0ad63452ae4236e065d,75.0,0.0406721203929035,S23
C,2ecd214db016e0ad63452ae4236e065d,80.0,0.0445218377105091,S23
C,2ecd214db016e0ad63452ae4236e065d,85.0,0.0444102609680896,S23
C,2ecd214db016e0ad63452ae4236e065d,90.0,0.0458326246558385,S23
C,2ecd214db016e0ad63452ae4236e065d,95.0,0.048426863843125,S23
C,2ecd214db016e0ad63452ae4236e065d,100.0,0.0491463579944576,S23
C,2ecd214db016e0ad63452ae4236e065d,105.0,0.050529557925913,S23
C,2ecd214db016e0ad63452ae4236e065d,110.0,0.0466784019397089,S23
C,2ecd214db016e0ad63452ae4236e065d,115.0,0.0463091436660856,S23
C,2ecd214db016e0ad63452ae4236e065d,120.0,0.0470534148877263,S23
C,2ecd214db016e0ad63452ae4236e065d,125.0,0.0406654066061104,S23
C,2ecd214db016e0ad63452ae4236e065d,130.0,0.0377489056527527,S23
C,f7adf0ba18d705092fa0a1e2f2c0bafb,270.0,0.0033757511718675,S23
C,f7adf0ba18d705092fa0a1e2f2c0bafb,275.0,0.0030321702198911,S23
C,f7adf0ba18d705092fa0a1e2f2c0bafb,280.0,0.0020438470657335,S23
C,f7adf0ba18d705092fa0a1e2f2c0bafb,285.0,0.0024969863689909,S23
C,f7adf0ba18d705092fa0a1e2f2c0bafb,290.0,0.0022658207321044,S23
C,f7adf0ba18d705092fa0a1e2f2c0bafb,295.0,0.0022417849713642,S23
C,2ecd214db016e0ad63452ae4236e065d,135.0,0.0388232713917232,S23
C,f7adf0ba18d705092fa0a1e2f2c0bafb,115.0,0.0377188162555526,S23
C,f7adf0ba18d705092fa0a1e2f2c0bafb,120.0,0.0346248486663165,S23
C,f7adf0ba18d705092fa0a1e2f2c0bafb,230.0,0.005606170395905,S23
C,f7adf0ba18d705092fa0a1e2f2c0bafb,235.0,0.0056575957444654,S23
C,f7adf0ba18d705092fa0a1e2f2c0bafb,240.0,0.004384383612232,S23
C,f7adf0ba18d705092fa0a1e2f2c0bafb,245.0,0.0041948302743014,S23
C,f7adf0ba18d705092fa0a1e2f2c0bafb,250.0,0.0037516282364664,S23
C,f7adf0ba18d705092fa0a1e2f2c0bafb,255.0,0.0037079663765171,S23
C,05184b2fec44bde3ebe5d5f386d7e1eb,140.0,0.0353541875909074,S23
C,e5919ba9cf2e803bdbc98334a7f64daa,150.0,0.034477305076704,S23
C,e5919ba9cf2e803bdbc98334a7f64daa,155.0,0.0310295745690336,S23
C,e5919ba9cf2e803bdbc98334a7f64daa,160.0,0.0276451051715957,S23
C,e5919ba9cf2e803bdbc98334a7f64daa,165.0,0.0285623912699667,S23
C,e5919ba9cf2e803bdbc98334a7f64daa,170.0,0.0203384469397437,S23
C,e5919ba9cf2e803bdbc98334a7f64daa,175.0,0.0181315831092835,S23
C,e5919ba9cf2e803bdbc98334a7f64daa,180.0,0.0148347303495176,S23
C,e5919ba9cf2e803bdbc98334a7f64daa,185.0,0.0154989720069587,S23
C,e5919ba9cf2e803bdbc98334a7f64daa,190.0,0.0126838526016131,S23
C,05184b2fec44bde3ebe5d5f386d7e1eb,155.0,0.0302709715317171,S23
C,05184b2fec44bde3ebe5d5f386d7e1eb,165.0,0.0244804946103091,S23
C,05184b2fec44bde3ebe5d5f386d7e1eb,175.0,0.0193713023591843,S23
C,05184b2fec44bde3ebe5d5f386d7e1eb,180.0,0.0198291327420305,S23
C,05184b2fec44bde3ebe5d5f386d7e1eb,185.0,0.0193631847992047,S23
C,05184b2fec44bde3ebe5d5f386d7e1eb,190.0,0.0169100581733866,S23
C,05184b2fec44bde3ebe5d5f386d7e1eb,195.0,0.0162566683910331,S23
C,e5919ba9cf2e803bdbc98334a7f64daa,195.0,0.0101534081923137,S23
C,e5919ba9cf2e803bdbc98334a7f64daa,200.0,0.0096156887553376,S23
C,e5919ba9cf2e803bdbc98334a7f64daa,205.0,0.0083188359955717,S23
C,e5919ba9cf2e803bdbc98334a7f64daa,210.0,0.0099003637513838,S23
C,e5919ba9cf2e803bdbc98334a7f64daa,215.0,0.0088249248774316,S23
C,66c35cd8077f7e1db5faefbc048a646a,200.0,0.014834914658616,S23
C,6c7d3accb2aed8a5dad41752cc3fa8a1,150.0,0.0382372749939446,S23
C,05184b2fec44bde3ebe5d5f386d7e1eb,110.0,0.0430983398113921,S23
C,05184b2fec44bde3ebe5d5f386d7e1eb,115.0,0.0427574022922513,S23
C,05184b2fec44bde3ebe5d5f386d7e1eb,120.0,0.0434445906425196,S23
C,05184b2fec44bde3ebe5d5f386d7e1eb,125.0,0.0375465191533827,S23
C,05184b2fec44bde3ebe5d5f386d7e1eb,130.0,0.0348537031201686,S23
C,05184b2fec44bde3ebe5d5f386d7e1eb,135.0,0.0358456689496689,S23
C,f7adf0ba18d705092fa0a1e2f2c0bafb,125.0,0.0355669014283514,S23
C,f7adf0ba18d705092fa0a1e2f2c0bafb,130.0,0.0321036402128587,S23
C,f7adf0ba18d705092fa0a1e2f2c0bafb,135.0,0.031366419334341,S23
C,f7adf0ba18d705092fa0a1e2f2c0bafb,140.0,0.0310588609695206,S23
C,f7adf0ba18d705092fa0a1e2f2c0bafb,145.0,0.0285377146239717,S23
C,f7adf0ba18d705092fa0a1e2f2c0bafb,150.0,0.0259181893507419,S23
C,f7adf0ba18d705092fa0a1e2f2c0bafb,155.0,0.0242639451974717,S23
C,f7adf0ba18d705092fa0a1e2f2c0bafb,160.0,0.0211853803696401,S23
C,f7adf0ba18d705092fa0a1e2f2c0bafb,165.0,0.0207139192332604,S23
C,f7adf0ba18d705092fa0a1e2f2c0bafb,170.0,0.020851798790995,S23
C,f7adf0ba18d705092fa0a1e2f2c0bafb,175.0,0.0165779051486773,S23
C,f7adf0ba18d705092fa0a1e2f2c0bafb,180.0,0.0151546403085669,S23
C,f7adf0ba18d705092fa0a1e2f2c0bafb,185.0,0.0148260894705418,S23
C,f7adf0ba18d705092fa0a1e2f2c0bafb,190.0,0.0126690817948117,S23
C,f7adf0ba18d705092fa0a1e2f2c0bafb,195.0,0.0125667279609619,S23
C,f7adf0ba18d705092fa0a1e2f2c0bafb,200.0,0.0097257879925413,S23
C,66c35cd8077f7e1db5faefbc048a646a,130.0,0.0348537031201686,S23
C,66c35cd8077f7e1db5faefbc048a646a,135.0,0.0358456689496689,S23
C,66c35cd8077f7e1db5faefbc048a646a,140.0,0.0353541875909074,S23
C,66c35cd8077f7e1db5faefbc048a646a,145.0,0.0315297836965449,S23
C,66c35cd8077f7e1db5faefbc048a646a,150.0,0.0331321900365068,S23
C,f7adf0ba18d705092fa0a1e2f2c0bafb,330.0,0.0021858257454548,S23
C,f7adf0ba18d705092fa0a1e2f2c0bafb,335.0,0.0030955823948673,S23
C,f7adf0ba18d705092fa0a1e2f2c0bafb,340.0,0.0025989675553873,S23
C,f7adf0ba18d705092fa0a1e2f2c0bafb,345.0,0.0030495604343802,S23
C,f7adf0ba18d705092fa0a1e2f2c0bafb,350.0,0.0023009117006269,S23
C,f7adf0ba18d705092fa0a1e2f2c0bafb,355.0,0.0020813602427028,S23
C,f7adf0ba18d705092fa0a1e2f2c0bafb,360.0,0.001371715275732,S23
C,3ab7806fac7c2de105704d4ff29dd581,45.0,0.0128926392857713,S23
C,3ab7806fac7c2de105704d4ff29dd581,50.0,0.0182046196929618,S23
C,3ab7806fac7c2de105704d4ff29dd581,55.0,0.0214669141373462,S23
C,3ab7806fac7c2de105704d4ff29dd581,60.0,0.0264504864716046,S23
C,3ab7806fac7c2de105704d4ff29dd581,65.0,0.0317329343592145,S23
C,3ab7806fac7c2de105704d4ff29dd581,70.0,0.033842492260624,S23
C,3ab7806fac7c2de105704d4ff29dd581,75.0,0.0410608532897048,S23
C,3ab7806fac7c2de105704d4ff29dd581,80.0,0.0449473651424927,S23
C,3ab7806fac7c2de105704d4ff29dd581,85.0,0.0448347219803765,S23
C,3ab7806fac7c2de105704d4ff29dd581,90.0,0.0462706802275262,S23
C,3ab7806fac7c2de105704d4ff29dd581,95.0,0.0488897144366736,S23
C,3ab7806fac7c2de105704d4ff29dd581,100.0,0.0496160853144462,S23
C,3ab7806fac7c2de105704d4ff29dd581,105.0,0.0510125054889334,S23
C,3ab7806fac7c2de105704d4ff29dd581,110.0,0.0471245412171497,S23
C,3ab7806fac7c2de105704d4ff29dd581,115.0,0.0467517536749024,S23
C,3ab7806fac7c2de105704d4ff29dd581,125.0,0.0410540753343912,S23
C,3ab7806fac7c2de105704d4ff29dd581,130.0,0.0381096992701917,S23
C,3ab7806fac7c2de105704d4ff29dd581,135.0,0.0391943335002539,S23
C,3ab7806fac7c2de105704d4ff29dd581,140.0,0.0386569384718196,S23
C,3ab7806fac7c2de105704d4ff29dd581,145.0,0.0344752628031137,S23
C,3ab7806fac7c2de105704d4ff29dd581,150.0,0.0362273642516758,S23
C,3ab7806fac7c2de105704d4ff29dd581,155.0,0.0330988537347905,S23
C,3ab7806fac7c2de105704d4ff29dd581,160.0,0.0322745252647477,S23
C,3ab7806fac7c2de105704d4ff29dd581,165.0,0.026767436572459,S23
C,3ab7806fac7c2de105704d4ff29dd581,170.0,0.0246775670174366,S23
C,3ab7806fac7c2de105704d4ff29dd581,175.0,0.0211809489750682,S23
C,3ab7806fac7c2de105704d4ff29dd581,180.0,0.0216815493889431,S23
C,6c7d3accb2aed8a5dad41752cc3fa8a1,60.0,0.0279179715618304,S23
C,6c7d3accb2aed8a5dad41752cc3fa8a1,65.0,0.0334934920749016,S23
C,6c7d3accb2aed8a5dad41752cc3fa8a1,70.0,0.0357200892137788,S23
C,6c7d3accb2aed8a5dad41752cc3fa8a1,75.0,0.0433389282150669,S23
C,6c7d3accb2aed8a5dad41752cc3fa8a1,80.0,0.0474410655234802,S23
C,6c7d3accb2aed8a5dad41752cc3fa8a1,85.0,0.0473221728671969,S23
C,6c7d3accb2aed8a5dad41752cc3fa8a1,90.0,0.0488377987348322,S23
C,6c7d3accb2aed8a5dad41752cc3fa8a1,95.0,0.0516021381600799,S23
C,6c7d3accb2aed8a5dad41752cc3fa8a1,100.0,0.0523688084264574,S23
C,6c7d3accb2aed8a5dad41752cc3fa8a1,105.0,0.0538427026310706,S23
C,6c7d3accb2aed8a5dad41752cc3fa8a1,110.0,0.0497390323227911,S23
C,6c7d3accb2aed8a5dad41752cc3fa8a1,115.0,0.0493455623571542,S23
C,6c7d3accb2aed8a5dad41752cc3fa8a1,120.0,0.0501386342878926,S23
C,6c7d3accb2aed8a5dad41752cc3fa8a1,125.0,0.0433317742156917,S23
C,6c7d3accb2aed8a5dad41752cc3fa8a1,155.0,0.0349351932823264,S23
C,6c7d3accb2aed8a5dad41752cc3fa8a1,160.0,0.0340651306916452,S23
C,6c7d3accb2aed8a5dad41752cc3fa8a1,165.0,0.0282525061992811,S23
C,6c7d3accb2aed8a5dad41752cc3fa8a1,170.0,0.0260466897252557,S23
C,6c7d3accb2aed8a5dad41752cc3fa8a1,175.0,0.0223560777142358,S23
C,6c7d3accb2aed8a5dad41752cc3fa8a1,180.0,0.0228844516680912,S23
C,05184b2fec44bde3ebe5d5f386d7e1eb,60.0,0.0241906239230396,S23
C,05184b2fec44bde3ebe5d5f386d7e1eb,65.0,0.0290217528468651,S23
C,05184b2fec44bde3ebe5d5f386d7e1eb,70.0,0.0309510754660032,S23
C,05184b2fec44bde3ebe5d5f386d7e1eb,75.0,0.0375527180173671,S23
C,05184b2fec44bde3ebe5d5f386d7e1eb,80.0,0.0411071761444099,S23
C,05184b2fec44bde3ebe5d5f386d7e1eb,85.0,0.0410041569286695,S23
C,05184b2fec44bde3ebe5d5f386d7e1eb,90.0,0.04231743054136,S23
C,05184b2fec44bde3ebe5d5f386d7e1eb,95.0,0.0447127011033239,S23
C,05184b2fec44bde3ebe5d5f386d7e1eb,100.0,0.0453770126936499,S23
C,05184b2fec44bde3ebe5d5f386d7e1eb,105.0,0.0466541262664316,S23
C,05184b2fec44bde3ebe5d5f386d7e1eb,145.0,0.0315297836965449,S23
C,05184b2fec44bde3ebe5d5f386d7e1eb,150.0,0.0331321900365068,S23
C,05184b2fec44bde3ebe5d5f386d7e1eb,160.0,0.0295170715976169,S23
C,05184b2fec44bde3ebe5d5f386d7e1eb,170.0,0.0225691782151256,S23
C,05184b2fec44bde3ebe5d5f386d7e1eb,215.0,0.0121280773854372,S23
C,05184b2fec44bde3ebe5d5f386d7e1eb,220.0,0.0097791507113565,S23
C,05184b2fec44bde3ebe5d5f386d7e1eb,225.0,0.0086311801382494,S23
C,05184b2fec44bde3ebe5d5f386d7e1eb,230.0,0.0051410721230444,S23
C,05184b2fec44bde3ebe5d5f386d7e1eb,235.0,0.0006772996862932,S23
C,05184b2fec44bde3ebe5d5f386d7e1eb,240.0,0.0001310616956697,S23
C,3df6c1edff7b174300e1a38a6322cd6d,40.0,0.0094672386386742,S23
C,3df6c1edff7b174300e1a38a6322cd6d,45.0,0.0127705815929706,S23
C,3df6c1edff7b174300e1a38a6322cd6d,55.0,0.021263681738372,S23
C,3df6c1edff7b174300e1a38a6322cd6d,65.0,0.0314325110969304,S23
C,3df6c1edff7b174300e1a38a6322cd6d,70.0,0.0335220973102651,S23
C,3df6c1edff7b174300e1a38a6322cd6d,105.0,0.050529557925913,S23
C,3df6c1edff7b174300e1a38a6322cd6d,110.0,0.0466784019397089,S23
C,3df6c1edff7b174300e1a38a6322cd6d,115.0,0.0463091436660856,S23
C,3df6c1edff7b174300e1a38a6322cd6d,120.0,0.0470534148877263,S23
C,3df6c1edff7b174300e1a38a6322cd6d,125.0,0.0406654066061104,S23
C,17a931ba9905835dd08db446b3d33e1b,105.0,0.0538427026310706,S23
C,17a931ba9905835dd08db446b3d33e1b,110.0,0.0497390323227911,S23
C,17a931ba9905835dd08db446b3d33e1b,115.0,0.0493455623571542,S23
C,17a931ba9905835dd08db446b3d33e1b,120.0,0.0501386342878926,S23
C,17a931ba9905835dd08db446b3d33e1b,125.0,0.0433317742156917,S23
C,17a931ba9905835dd08db446b3d33e1b,130.0,0.0402240428204335,S23
C,17a931ba9905835dd08db446b3d33e1b,135.0,0.0413688530537868,S23
C,17a931ba9905835dd08db446b3d33e1b,140.0,0.0408016431033231,S23
C,3df6c1edff7b174300e1a38a6322cd6d,130.0,0.0377489056527527,S23
C,3df6c1edff7b174300e1a38a6322cd6d,135.0,0.0388232713917232,S23
C,3df6c1edff7b174300e1a38a6322cd6d,140.0,0.0382909640102663,S23
C,3df6c1edff7b174300e1a38a6322cd6d,145.0,0.0341488772630257,S23
C,3df6c1edff7b174300e1a38a6322cd6d,150.0,0.035884391149055,S23
C,3df6c1edff7b174300e1a38a6322cd6d,155.0,0.0327854989878167,S23
C,3df6c1edff7b174300e1a38a6322cd6d,160.0,0.0319689746321164,S23
C,3df6c1edff7b174300e1a38a6322cd6d,165.0,0.0265140228626819,S23
C,3df6c1edff7b174300e1a38a6322cd6d,170.0,0.0244439386014606,S23
C,3df6c1edff7b174300e1a38a6322cd6d,175.0,0.0209804238765277,S23
C,3df6c1edff7b174300e1a38a6322cd6d,180.0,0.0214762849868217,S23
C,17a931ba9905835dd08db446b3d33e1b,60.0,0.0279179715618304,S23
C,17a931ba9905835dd08db446b3d33e1b,65.0,0.0334934920749016,S23
C,17a931ba9905835dd08db446b3d33e1b,70.0,0.0357200892137788,S23
C,17a931ba9905835dd08db446b3d33e1b,75.0,0.0433389282150669,S23
C,17a931ba9905835dd08db446b3d33e1b,80.0,0.0474410655234802,S23
C,17a931ba9905835dd08db446b3d33e1b,85.0,0.0473221728671969,S23
C,17a931ba9905835dd08db446b3d33e1b,90.0,0.0488377987348322,S23
C,17a931ba9905835dd08db446b3d33e1b,95.0,0.0516021381600799,S23
C,17a931ba9905835dd08db446b3d33e1b,100.0,0.0523688084264574,S23
C,17a931ba9905835dd08db446b3d33e1b,150.0,0.0382372749939446,S23
C,17a931ba9905835dd08db446b3d33e1b,155.0,0.0349351932823264,S23
C,17a931ba9905835dd08db446b3d33e1b,160.0,0.0340651306916452,S23
C,17a931ba9905835dd08db446b3d33e1b,165.0,0.0282525061992811,S23
C,17a931ba9905835dd08db446b3d33e1b,170.0,0.0260466897252557,S23
C,4bba3ab232fc6c57e7dbb1f5932b61d0,165.0,0.0265140228626819,S23
C,4bba3ab232fc6c57e7dbb1f5932b61d0,170.0,0.0244439386014606,S23
C,4bba3ab232fc6c57e7dbb1f5932b61d0,175.0,0.0209804238765277,S23
B,655610c16fda311d29ed2360a1ffcbd1,40.0,0.045930755201976,S23
B,655610c16fda311d29ed2360a1ffcbd1,45.0,0.0524508522768069,S23
B,655610c16fda311d29ed2360a1ffcbd1,50.0,0.0619394861926849,S23
B,655610c16fda311d29ed2360a1ffcbd1,55.0,0.0657489552967532,S23
B,655610c16fda311d29ed2360a1ffcbd1,60.0,0.0685784855751971,S23
B,655610c16fda311d29ed2360a1ffcbd1,65.0,0.0630888751669371,S23
B,655610c16fda311d29ed2360a1ffcbd1,70.0,0.059219093298103,S23
B,655610c16fda311d29ed2360a1ffcbd1,75.0,0.0663199161365366,S23
B,655610c16fda311d29ed2360a1ffcbd1,80.0,0.0642761750218992,S23
B,655610c16fda311d29ed2360a1ffcbd1,85.0,0.0560650229044904,S23
B,655610c16fda311d29ed2360a1ffcbd1,90.0,0.0474621250197452,S23
B,655610c16fda311d29ed2360a1ffcbd1,95.0,0.0440639315306518,S23
B,655610c16fda311d29ed2360a1ffcbd1,100.0,0.041522753708517,S23
B,655610c16fda311d29ed2360a1ffcbd1,105.0,0.0373485359794362,S23
B,655610c16fda311d29ed2360a1ffcbd1,110.0,0.0330117609891293,S23
B,655610c16fda311d29ed2360a1ffcbd1,115.0,0.0276824102129615,S23
B,655610c16fda311d29ed2360a1ffcbd1,120.0,0.0251751224205522,S23
B,655610c16fda311d29ed2360a1ffcbd1,125.0,0.0206373048810258,S23
B,655610c16fda311d29ed2360a1ffcbd1,130.0,0.0172804687163433,S23
B,655610c16fda311d29ed2360a1ffcbd1,135.0,0.0148231543575972,S23
B,655610c16fda311d29ed2360a1ffcbd1,140.0,0.0161224636328388,S23
B,655610c16fda311d29ed2360a1ffcbd1,145.0,0.0144365782558122,S23
B,655610c16fda311d29ed2360a1ffcbd1,150.0,0.0148897856024814,S23
B,655610c16fda311d29ed2360a1ffcbd1,155.0,0.0135542886683803,S23
B,655610c16fda311d29ed2360a1ffcbd1,160.0,0.0105225670261498,S23
B,655610c16fda311d29ed2360a1ffcbd1,165.0,0.0100751037523155,S23
B,655610c16fda311d29ed2360a1ffcbd1,170.0,0.0057630282751985,S23
C,17a931ba9905835dd08db446b3d33e1b,175.0,0.0223560777142358,S23
C,17a931ba9905835dd08db446b3d33e1b,180.0,0.0228844516680912,S23
C,4bba3ab232fc6c57e7dbb1f5932b61d0,40.0,0.0094672386386742,S23
C,4bba3ab232fc6c57e7dbb1f5932b61d0,45.0,0.0127705815929706,S23
C,4bba3ab232fc6c57e7dbb1f5932b61d0,50.0,0.0180322722140022,S23
C,4bba3ab232fc6c57e7dbb1f5932b61d0,55.0,0.021263681738372,S23
C,4bba3ab232fc6c57e7dbb1f5932b61d0,60.0,0.0262000734040689,S23
C,4bba3ab232fc6c57e7dbb1f5932b61d0,65.0,0.0314325110969304,S23
C,4bba3ab232fc6c57e7dbb1f5932b61d0,70.0,0.0335220973102651,S23
C,4bba3ab232fc6c57e7dbb1f5932b61d0,75.0,0.0406721203929035,S23
C,4bba3ab232fc6c57e7dbb1f5932b61d0,80.0,0.0445218377105091,S23
C,4bba3ab232fc6c57e7dbb1f5932b61d0,85.0,0.0444102609680896,S23
C,4bba3ab232fc6c57e7dbb1f5932b61d0,90.0,0.0458326246558385,S23
C,4bba3ab232fc6c57e7dbb1f5932b61d0,95.0,0.048426863843125,S23
C,4bba3ab232fc6c57e7dbb1f5932b61d0,100.0,0.0491463579944576,S23
C,4bba3ab232fc6c57e7dbb1f5932b61d0,105.0,0.050529557925913,S23
C,4bba3ab232fc6c57e7dbb1f5932b61d0,110.0,0.0466784019397089,S23
C,4bba3ab232fc6c57e7dbb1f5932b61d0,115.0,0.0463091436660856,S23
C,4bba3ab232fc6c57e7dbb1f5932b61d0,120.0,0.0470534148877263,S23
C,4bba3ab232fc6c57e7dbb1f5932b61d0,125.0,0.0406654066061104,S23
C,4bba3ab232fc6c57e7dbb1f5932b61d0,130.0,0.0377489056527527,S23
C,4bba3ab232fc6c57e7dbb1f5932b61d0,135.0,0.0388232713917232,S23
C,4bba3ab232fc6c57e7dbb1f5932b61d0,140.0,0.0382909640102663,S23
C,4bba3ab232fc6c57e7dbb1f5932b61d0,145.0,0.0341488772630257,S23
C,4bba3ab232fc6c57e7dbb1f5932b61d0,150.0,0.035884391149055,S23
C,4bba3ab232fc6c57e7dbb1f5932b61d0,155.0,0.0327854989878167,S23
C,4bba3ab232fc6c57e7dbb1f5932b61d0,160.0,0.0319689746321164,S23
